id,z,log_Mstar,log_Mh,t_cosmic_Gyr,gamma_t,t_eff_Gyr,SFE_obs,SFE_true,SFE_excess,SFE_excess_corrected,pct_anomaly_resolved
S1-Xiao,5.85,11.15,13.15,0.9599391066336307,19.657692529306555,18.870187805061132,0.5,0.062158028008035014,2.5,0.3107901400401751,100.0
S2-Xiao,5.3,10.95,12.95,1.0882178214208644,7.946943129435851,8.648005139270188,0.5,0.11717364250292543,2.5,0.5858682125146272,100.0
S3-Xiao,5.55,10.8,12.8,1.0265842594734922,5.239456933578652,5.378744016201095,0.5,0.15684461476581643,2.5,0.7842230738290821,100.0
