{
  "n_total": 2315,
  "unique_predictions": {
    "mass_age": {
      "n": 283,
      "rho": -0.04257807577742222,
      "p": 0.4755812588916436
    },
    "metallicity_paradox": {
      "n_z9": 104,
      "met_threshold": -0.6355819543834782
    },
    "chi2_monotonicity": [
      {
        "gamma_range": "0.5-1",
        "n": 279,
        "mean_chi2": 15.919959363444832
      }
    ],
    "quiescent": {
      "n_quiescent": 3,
      "n_star_forming": 280,
      "fraction_quiescent": 0.01060070671378092
    },
    "t_eff_threshold": {
      "n_above": 178,
      "n_below": 105,
      "mean_dust_above": 0.8791619441273731,
      "mean_dust_below": 0.6469306889841783
    }
  },
  "summary": {
    "n_unique_evidence": 3,
    "unique_evidence": [
      {
        "name": "metallicity_paradox",
        "stat": 1.569472387404292,
        "p": null
      },
      {
        "name": "quiescent_z8",
        "stat": 2.2277969464678806,
        "p": null
      },
      {
        "name": "t_eff_threshold",
        "stat": 1.3589739350715428,
        "p": null
      }
    ]
  }
}