{
  "config": {
    "z_min": 8.0,
    "dust_positive_only": true
  },
  "sources": {
    "UNCOVER": "/Users/matthewsmawfield/www/Temporal Equivalence Principle/TEP-JWST/results/interim/step_002_uncover_full_sample_tep.csv",
    "CEERS": "/Users/matthewsmawfield/www/Temporal Equivalence Principle/TEP-JWST/data/interim/ceers_z8_sample.csv",
    "COSMOS-Web": "/Users/matthewsmawfield/www/Temporal Equivalence Principle/TEP-JWST/data/interim/cosmosweb_z8_sample.csv"
  },
  "survey_effects": {
    "UNCOVER": {
      "rho": 0.6029791257884878,
      "n": 283,
      "fisher_z": 0.6978151356879879,
      "var_z": 0.0035714285714285713,
      "se_z": 0.05976143046671968,
      "ci_rho_lower": 0.5231614764313766,
      "ci_rho_upper": 0.6723105302359516
    },
    "CEERS": {
      "rho": 0.6581665415047725,
      "n": 82,
      "fisher_z": 0.789572061443031,
      "var_z": 0.012658227848101266,
      "se_z": 0.1125087900926024,
      "ci_rho_lower": 0.514664804638711,
      "ci_rho_upper": 0.7657989468392677
    },
    "COSMOS-Web": {
      "rho": 0.6291689419289691,
      "n": 918,
      "fisher_z": 0.7400393611951539,
      "var_z": 0.001092896174863388,
      "se_z": 0.033058980245364314,
      "ci_rho_lower": 0.5884186405914049,
      "ci_rho_upper": 0.6667311096041981
    }
  },
  "fixed_effects": {
    "k": 3,
    "n_total": 1283,
    "z_fixed": 0.733830805604554,
    "rho_fixed": 0.6254034044813165,
    "se_z_fixed": 0.028016590734026292,
    "ci_rho_lower": 0.5908157191354911,
    "ci_rho_upper": 0.6576965426285055,
    "z_stat": 26.192723182171942,
    "p": 3.216358702812481e-151,
    "log10_p": -150.49263552274542,
    "weights": {
      "UNCOVER": 280.0,
      "CEERS": 79.0,
      "COSMOS-Web": 915.0
    },
    "weight_share": {
      "UNCOVER": 0.21978021978021978,
      "CEERS": 0.06200941915227629,
      "COSMOS-Web": 0.7182103610675039
    }
  },
  "heterogeneity": {
    "Q": 0.6439256335717616,
    "df": 2,
    "p_Q": 0.7247251374388728,
    "I2": 0.0,
    "I2_pct": 0.0,
    "tau2": 0.0
  },
  "random_effects": {
    "k": 3,
    "n_total": 1283,
    "z_random": 0.733830805604554,
    "rho_random": 0.6254034044813165,
    "se_z_random": 0.028016590734026292,
    "ci_rho_lower": 0.5908157191354911,
    "ci_rho_upper": 0.6576965426285055,
    "z_stat": 26.192723182171942,
    "p": 3.216358702812481e-151,
    "log10_p": -150.49263552274542,
    "weights": {
      "UNCOVER": 280.0,
      "CEERS": 79.0,
      "COSMOS-Web": 915.0
    },
    "weight_share": {
      "UNCOVER": 0.21978021978021978,
      "CEERS": 0.06200941915227629,
      "COSMOS-Web": 0.7182103610675039
    },
    "prediction_interval_rho_95": [
      0.5908157191354911,
      0.6576965426285055
    ]
  },
  "leave_one_out": {
    "UNCOVER": {
      "fixed_effects": {
        "k": 2,
        "n_total": 1000,
        "z_fixed": 0.7439760647359811,
        "rho_fixed": 0.6315413988887527,
        "se_z_fixed": 0.03171807398477756,
        "ci_rho_lower": 0.592693942942713,
        "ci_rho_upper": 0.6674573227705856,
        "z_stat": 23.45590293701431,
        "p": 1.1507133031062487e-121,
        "log10_p": -120.93903286610818,
        "weights": {
          "CEERS": 79.0,
          "COSMOS-Web": 915.0
        },
        "weight_share": {
          "CEERS": 0.079476861167002,
          "COSMOS-Web": 0.920523138832998
        }
      },
      "heterogeneity": {
        "Q": 0.17842093415408614,
        "df": 1,
        "p_Q": 0.6727337913109765,
        "I2": 0.0,
        "I2_pct": 0.0,
        "tau2": 0.0
      },
      "random_effects": {
        "k": 2,
        "n_total": 1000,
        "z_random": 0.7439760647359811,
        "rho_random": 0.6315413988887527,
        "se_z_random": 0.03171807398477756,
        "ci_rho_lower": 0.592693942942713,
        "ci_rho_upper": 0.6674573227705856,
        "z_stat": 23.45590293701431,
        "p": 1.1507133031062487e-121,
        "log10_p": -120.93903286610818,
        "weights": {
          "CEERS": 79.0,
          "COSMOS-Web": 915.0
        },
        "weight_share": {
          "CEERS": 0.079476861167002,
          "COSMOS-Web": 0.920523138832998
        },
        "prediction_interval_rho_95": [
          0.592693942942713,
          0.6674573227705856
        ]
      }
    },
    "CEERS": {
      "fixed_effects": {
        "k": 2,
        "n_total": 1201,
        "z_fixed": 0.7301458188169058,
        "rho_fixed": 0.6231545518985989,
        "se_z_fixed": 0.028927842707018585,
        "ci_rho_lower": 0.5872429044796748,
        "ci_rho_upper": 0.6566176750128345,
        "z_stat": 25.240244362907678,
        "p": 1.449401371452756e-140,
        "log10_p": -139.83881133207936,
        "weights": {
          "UNCOVER": 280.0,
          "COSMOS-Web": 915.0
        },
        "weight_share": {
          "UNCOVER": 0.23430962343096234,
          "COSMOS-Web": 0.7656903765690377
        }
      },
      "heterogeneity": {
        "Q": 0.3822386554661235,
        "df": 1,
        "p_Q": 0.5364075743176926,
        "I2": 0.0,
        "I2_pct": 0.0,
        "tau2": 0.0
      },
      "random_effects": {
        "k": 2,
        "n_total": 1201,
        "z_random": 0.7301458188169058,
        "rho_random": 0.6231545518985989,
        "se_z_random": 0.028927842707018585,
        "ci_rho_lower": 0.5872429044796748,
        "ci_rho_upper": 0.6566176750128345,
        "z_stat": 25.240244362907678,
        "p": 1.449401371452756e-140,
        "log10_p": -139.83881133207936,
        "weights": {
          "UNCOVER": 280.0,
          "COSMOS-Web": 915.0
        },
        "weight_share": {
          "UNCOVER": 0.23430962343096234,
          "COSMOS-Web": 0.7656903765690377
        },
        "prediction_interval_rho_95": [
          0.5872429044796748,
          0.6566176750128345
        ]
      }
    },
    "COSMOS-Web": {
      "fixed_effects": {
        "k": 2,
        "n_total": 365,
        "z_fixed": 0.7180067711605461,
        "rho_fixed": 0.6156731328562334,
        "se_z_fixed": 0.05277798139692595,
        "ci_rho_lower": 0.5473303833166883,
        "ci_rho_upper": 0.6758591866170544,
        "z_stat": 13.604286336012963,
        "p": 3.776366205197567e-42,
        "log10_p": -41.422925897534725,
        "weights": {
          "UNCOVER": 280.0,
          "CEERS": 79.0
        },
        "weight_share": {
          "UNCOVER": 0.7799442896935933,
          "CEERS": 0.2200557103064067
        }
      },
      "heterogeneity": {
        "Q": 0.518762271139958,
        "df": 1,
        "p_Q": 0.4713701399307697,
        "I2": 0.0,
        "I2_pct": 0.0,
        "tau2": 0.0
      },
      "random_effects": {
        "k": 2,
        "n_total": 365,
        "z_random": 0.7180067711605461,
        "rho_random": 0.6156731328562334,
        "se_z_random": 0.05277798139692595,
        "ci_rho_lower": 0.5473303833166883,
        "ci_rho_upper": 0.6758591866170544,
        "z_stat": 13.604286336012963,
        "p": 3.776366205197567e-42,
        "log10_p": -41.422925897534725,
        "weights": {
          "UNCOVER": 280.0,
          "CEERS": 79.0
        },
        "weight_share": {
          "UNCOVER": 0.7799442896935933,
          "CEERS": 0.2200557103064067
        },
        "prediction_interval_rho_95": [
          0.5473303833166883,
          0.6758591866170544
        ]
      }
    }
  },
  "influence": {
    "UNCOVER": {
      "n": 283,
      "rho": 0.6029791257884878,
      "rho_fixed": 0.6254034044813165,
      "rho_random": 0.6254034044813165,
      "delta_rho_fixed_minus_study": 0.022424278692828703,
      "delta_rho_random_minus_study": 0.022424278692828703,
      "weight_share_fixed": 0.21978021978021978,
      "weight_share_random": 0.21978021978021978,
      "loo_rho_random": 0.6315413988887527,
      "loo_delta_rho_random": 0.006137994407436231
    },
    "CEERS": {
      "n": 82,
      "rho": 0.6581665415047725,
      "rho_fixed": 0.6254034044813165,
      "rho_random": 0.6254034044813165,