{
  "title": "TEP-JWST: The Seven Threads of Evidence",
  "generated": "2026-04-24T14:23:06.865633",
  "threads": {
    "thread_1": {
      "name": "z > 7 Mass-sSFR Inversion",
      "significant": true,
      "details": {
        "test": "Thread 1: z > 7 Mass-sSFR Inversion",
        "tep_prediction": "Correlation should invert from negative to positive at z > 7",
        "low_z": {
          "z_range": [
            4,
            6
          ],
          "n": 1439,
          "rho": -0.16305129025430076,
          "ci_95": [
            -0.21179354457812696,
            -0.11204171386151605
          ],
          "p_value": 4.923731097687585e-10
        },
        "high_z": {
          "z_range": [
            7,
            10
          ],
          "n": 504,
          "rho": 0.0865815948252025,
          "ci_95": [
            -0.010170019265068114,
            0.1811252776592254
          ],
          "p_value": 0.05206755140695994
        },
        "delta_rho": 0.24963288507950326,
        "delta_ci_95": [
          0.1435856506451414,
          0.3509816320141474
        ],
        "significant": true,
        "conclusion": "TEP prediction CONFIRMED"
      }
    },
    "thread_2": {
      "name": "\u0393_t vs Age Ratio",
      "significant": true,
      "details": {
        "test": "Thread 2: \u0393_t vs Age Ratio",
        "n": 2315,
        "raw_rho": 0.019377853966021305,
        "raw_p": 0.35136822260136824,
        "partial_rho": 0.07229474213217335,
        "partial_p": 0.0004993618150221883,
        "ci_95": [
          0.02426834077873719,
          0.11631712125628725
        ],
        "partial_rho_double": -0.07442210709326635,
        "partial_p_double": 0.0003386117430860236,
        "ci_95_double": [
          -0.11897427191270338,
          -0.030097982377421627
        ],
        "significant": true,
        "significant_double": true,
        "interpretation": "Enhanced time \u2192 older appearance"
      }
    },
    "thread_3": {
      "name": "\u0393_t vs Metallicity",
      "significant": true,
      "details": {
        "test": "Thread 3: \u0393_t vs Metallicity",
        "n": 1108,
        "raw_rho": 0.24550162081751223,
        "raw_p": 1.1335533050118366e-16,
        "partial_rho": 0.17492174615801298,
        "partial_p": 4.594535946408525e-09,
        "ci_95": [
          0.11567553765805465,
          0.23764608054131833
        ],
        "partial_rho_double": 0.011150045395016964,
        "partial_p_double": 0.710831140003376,
        "ci_95_double": [
          -0.06175796745931564,
          0.08285097070042288
        ],
        "significant": true,
        "significant_double": false,
        "interpretation": "Enhanced time \u2192 more enrichment"
      }
    },
    "thread_4": {
      "name": "\u0393_t vs Dust",
      "significant": true,
      "details": {
        "test": "Thread 4: \u0393_t vs Dust",
        "n": 1108,
        "raw_rho": 0.2963386267314608,
        "raw_p": 6.755190101338364e-24,
        "partial_rho": 0.32679299230787867,
        "partial_p": 5.480455424318636e-29,
        "ci_95": [
          0.2637508394304225,
          0.38046259116473136
        ],
        "partial_rho_double": 0.05407061962695971,
        "partial_p_double": 0.07200071524477553,
        "ci_95_double": [
          -0.014374771231933836,
          0.11979799546468099
        ],
        "significant": true,
        "significant_double": false,
        "interpretation": "Enhanced time \u2192 more dust processing"
      }
    },
    "thread_5": {
      "name": "z > 8 Dust Anomaly",
      "significant": true,
      "details": {
        "test": "Thread 5: z > 8 Dust Anomaly",
        "tep_prediction": "Strong mass-dust correlation at z > 8 due to enhanced proper time",
        "by_redshift": [
          {
            "z_range": [
              4,
              5
            ],
            "n": 942,
            "rho": 0.037013403579780016,
            "p": 0.25641865141430426,
            "ci_95": [
              -0.02720770363633666,
              0.10529982008935294
            ],
            "significant": false
          },
          {
            "z_range": [
              5,
              6
            ],
            "n": 497,
            "rho": -0.026322431284168286,
            "p": 0.5582499699079295,
            "ci_95": [
              -0.11561786508274657,
              0.06135204911503113
            ],
            "significant": false
          },
          {
            "z_range": [
              6,
              7
            ],
            "n": 372,
            "rho": -0.11842891386295118,
            "p": 0.022340274709165116,
            "ci_95": [
              -0.21839764516045265,
              -0.01343358131490995
            ],
            "significant": true
          },
          {
            "z_range": [
              7,
              8
            ],
            "n": 221,
            "rho": 0.09878150466385761,
            "p": 0.14326300988764012,
            "ci_95": [
              -0.037777074974399534,
              0.239282257821166
            ],
            "significant": false
          },
          {
            "z_range": [
              8,
              10
            ],
            "n": 283,
            "rho": 0.5594522703471411,
            "p": 1.046457458256734e-24,
            "ci_95": [
              0.45908281533529466,
              0.6406739498782913
            ],
            "significant": true
          }
        ],
        "z8_result": {
          "z_range": [
            8,
            10
          ],
          "n": 283,
          "rho": 0.5594522703471411,
          "p": 1.046457458256734e-24,
          "ci_95": [
            0.45908281533529466,
            0.6406739498782913
          ],
          "significant": true
        },
        "partial_correlations": {
          "rho_gamma_dust_given_mass": 0.2715658205163702,
          "p_gamma_dust_given_mass": 3.558482545071351e-06,
          "rho_gamma_dust_given_z": 0.6062234201847458,
          "p_gamma_dust_given_z": 8.715863373075491e-30,
          "rho_gamma_dust_given_mass_z": 0.2776986663472457,
          "p_gamma_dust_given_mass_z": 2.0893484782566255e-06
        },
        "dust_by_mass": [
          {
            "mass_range": [
              8,
              8.5
            ],
            "n": 180,
            "mean_dust": 0.6002924632951716,
            "std_dust": 0.36716424799224967
          },
          {
            "mass_range": [
              8.5,
              9
            ],
            "n": 70,
            "mean_dust": 0.8877533166190935,
            "std_dust": 0.278255174085409
          },
          {
            "mass_range": [
              9,
              10
            ],
            "n": 24,
            "mean_dust": 1.246086495436233,
            "std_dust": 0.5198717125924123
          },
          {
            "mass_range": [
              10,
              12
            ],
            "n": 9,
            "mean_dust": 2.7018996612304567,
            "std_dust": 1.1333080120560248
          }
        ],
        "significant": true,
        "conclusion": "TEP prediction consistent with data - inconsistent with standard timescales"
      }
    },
    "thread_6": {
      "name": "Age-Metallicity Coherence",
      "significant": true,
      "details": {
        "test": "Thread 6: Age-Metallicity Coherence",
        "n": 1108,
        "rho": 0.3308190995664502,
        "p": 1.0486667323447951e-29,
        "ci_95": [
          0.2667979298867693,
          0.38753421311259173
        ],
        "significant": true,
        "interpretation": "Older \u2192 more enriched (TEP consistent)"
      }
    },
    "thread_7": {
      "name": "Multi-Property Split",
      "significant": true,
      "details": {
        "test": "Thread 7: Multi-Property Split Test",
        "n": 1108,
        "gamma_median": 0.9256813078370656,