{
  "step": "Step 101: Multi-Observable \u03b1\u2080 Recovery Test",
  "nominal_alpha_0": 0.58,
  "nominal_alpha_0_uncertainty": 0.16,
  "n_observables": 4,
  "individual_fits": {
    "dust": {
      "alpha_best": 1.0284182757628273,
      "alpha_err": 0.19997388077643732,
      "rho_best": 0.428384530846886,
      "expected_sign": 1,
      "weight": 1.0
    },
    "age_ratio": {
      "alpha_best": 0.8689731405630776,
      "alpha_err": 0.27887171822118945,
      "rho_best": 0.2233223844417973,
      "expected_sign": 1,
      "weight": 1.0
    },
    "metallicity": {
      "alpha_best": 1.3003556640340959,
      "alpha_err": 0.42972623000663396,
      "rho_best": 0.04525015853580401,
      "expected_sign": 1,
      "weight": 0.5
    },
    "ssfr": {
      "alpha_best": 0.9162021856924148,
      "alpha_err": 0.22081575409009863,
      "rho_best": -0.3315603873146853,
      "expected_sign": -1,
      "weight": 0.5
    }
  },
  "joint_fit": {
    "alpha_0": 1.0290521176915117,
    "alpha_0_err": 0.20039097394312474,
    "tension_sigma": 1.7511657887021745,
    "consistent_2sigma": true
  },
  "weighted_mean": {
    "alpha_0": 0.9849207453320006,
    "alpha_0_err": 0.13664925559629879,
    "tension_sigma": 1.9244226439135474
  },
  "improvement_over_dust_only": -0.000633841928684431,
  "conclusion": "Joint \u03b1\u2080 is CONSISTENT with Cepheid calibration within 2\u03c3"
}