{
  "correlation_tests": {
    "z>8 Dust-\u0393t": {
      "monte_carlo": {
        "rho_observed": 0.5928581034360436,
        "null_mean": -0.00021276151004213383,
        "null_std": 0.058921751449716196,
        "p_mc_1tail": 9.999000099990002e-05,
        "p_mc_2tail": 0.00019998000199980003,
        "z_score": 10.065397758113356,
        "n": 283,
        "n_simulations": 10000
      },
      "jackknife": {
        "rho_full": 0.5928581034360436,
        "rho_jack_mean": 0.5928521607241285,
        "rho_jack_std": 0.0026780540154175514,
        "se_jackknife": 0.04497217443350197,
        "ci_lower": 0.5047126415463797,
        "ci_upper": 0.6810035653257075,
        "n_influential": 0,
        "fraction_influential": 0.0,
        "stable": true,
        "n": 283
      },
      "effect_size": {
        "rho": 0.5928581034360436,
        "r_squared": 0.3514807308097826,
        "variance_explained_pct": 35.14807308097826,
        "size_category": "large",
        "power": 1.0,
        "n": 283
      }
    },
    "Mass-Age": {
      "monte_carlo": {
        "rho_observed": 0.1349627356030388,
        "null_mean": -0.00013405458900630815,
        "null_std": 0.020854296427777395,
        "p_mc_1tail": 9.999000099990002e-05,
        "p_mc_2tail": 0.00019998000199980003,
        "z_score": 6.478127452532976,
        "n": 2315,
        "n_simulations": 10000
      },
      "jackknife": {
        "rho_full": 0.1349627356030388,
        "rho_jack_mean": 0.13496762681835373,
        "rho_jack_std": 0.0004470267189033287,
        "se_jackknife": 0.009985820488038245,
        "ci_lower": 0.11539052744648386,
        "ci_upper": 0.15453494375959378,
        "n_influential": 0,
        "fraction_influential": 0.0,
        "stable": true,
        "n": 2315
      },
      "effect_size": {
        "rho": 0.1349627356030388,
        "r_squared": 0.01821494000145576,
        "variance_explained_pct": 1.8214940001455762,
        "size_category": "small",
        "power": 0.9999975530617149,
        "n": 2315
      },
      "alternative_hypothesis": {
        "raw": {
          "rho": 0.1349627356030388,
          "p": 7.03069536864129e-11
        },
        "partial_z": {
          "rho": 0.13870183146240553,
          "p": 2.0505627542540896e-11,
          "interpretation": "Correlation after removing redshift dependence"
        },
        "partial_mass": {
          "rho": null,
          "p": null,
          "interpretation": "Correlation after removing mass dependence - insufficient variation in mass for partial correlation",
          "note": "Partial correlation requires sufficient independent variation in both mass and the variables of interest"
        },
        "partial_both": {
          "rho": 0.13870183146240553,
          "interpretation": "Correlation after removing z and mass dependence (approx)"
        },
        "conclusion": "PARTIAL: Some confounding present"
      }
    },
    "Full Sample Dust-\u0393t": {
      "monte_carlo": {
        "rho_observed": -0.1177923670191006,
        "null_mean": -6.537282914519114e-05,
        "null_std": 0.020816905217546,
        "p_mc_1tail": 9.999000099990002e-05,
        "p_mc_2tail": 0.00019998000199980003,
        "z_score": -5.655355248998615,
        "n": 2315,
        "n_simulations": 10000
      },
      "jackknife": {
        "rho_full": -0.1177923670191006,
        "rho_jack_mean": -0.1178055002840423,
        "rho_jack_std": 0.0004488373255398137,
        "se_jackknife": 0.010026266376576507,
        "ci_lower": -0.13744384911719057,
        "ci_upper": -0.09814088492101065,
        "n_influential": 0,
        "fraction_influential": 0.0,
        "stable": true,
        "n": 2315
      },
      "effect_size": {
        "rho": -0.1177923670191006,
        "r_squared": 0.0138750417279625,
        "variance_explained_pct": 1.38750417279625,
        "size_category": "small",
        "power": 0.9999043576261495,
        "n": 2315
      },
      "alternative_hypothesis": {
        "raw": {
          "rho": -0.1177923670191006,
          "p": 1.3138640429987352e-08
        },
        "partial_z": {
          "rho": 0.09179335395802718,
          "p": 9.709545260443326e-06,
          "interpretation": "Correlation after removing redshift dependence"
        },
        "partial_mass": {
          "rho": 0.29737808693227885,
          "p": 1.7365731528788867e-48,
          "interpretation": "Correlation after removing mass dependence"
        },
        "partial_both": {
          "rho": 0.09179335395802718,
          "interpretation": "Correlation after removing z and mass dependence (approx)"
        },
        "conclusion": "PARTIAL: Some confounding present"
      }
    }
  },
  "environmental_investigation": {
    "has_real_coordinates": true,
    "mass_by_density": {
      "high_density_mean_mass": 8.463681169988194,
      "low_density_mean_mass": 8.462946942910323,
      "mass_difference": 0.0007342270778707416
    },
    "fixed_mass_density_gamma": [
      {
        "mass_bin": "8-9",
        "n": 2054,
        "rho": 0.24116596168020457,
        "p": 1.4460282435184386e-28
      },
      {
        "mass_bin": "9-10",
        "n": 238,
        "rho": -0.23882454914098283,
        "p": 0.00020003922202308766
      }
    ],
    "fixed_mass_conclusion": "At fixed mass, density-\u0393t correlation disappears. The apparent positive correlation is entirely due to mass-density correlation."
  },
  "predictive_confound_control": {
    "n": 283,
    "n_splits": 5,
    "n_repeats": 20,
    "mass_z_vs_plus_log_gamma": {
      "r2_base_mean": 0.4117245745763929,
      "r2_base_std": 0.2223591015234803,
      "r2_full_mean": 0.4015117203746523,
      "r2_full_std": 0.2320138267103505,
      "delta_r2_mean": -0.010212854201740576,
      "delta_r2_std": 0.016038653496811797,
      "permutation_p_value": 0.8316831683168316,
      "delta_r2_perm_mean": -0.0032663504118151223,
      "delta_r2_perm_std": 0.019687634030917237
    },
    "poly_mass_z_vs_plus_log_gamma": {
      "r2_base_mean": 0.4058566355507449,
      "r2_base_std": 0.25308497006123615,
      "r2_full_mean": 0.39537687809904165,
      "r2_full_std": 0.269984574475502,
      "delta_r2_mean": -0.01047975745170338,
      "delta_r2_std": 0.02296608652104867,
      "permutation_p_value": 0.8712871287128713,
      "delta_r2_perm_mean": -0.0031684582747713175,
      "delta_r2_perm_std": 0.010134147099328517
    }
  },
  "evidence_strength_score": 80.14831411281288,
  "evidence_strength_category": "STRONG",
  "summary": {
    "n_correlations_tested": 3,
    "all_monte_carlo_significant": true,
    "all_jackknife_stable": true,
    "evidence_score": 80.14831411281288,
    "evidence_category": "STRONG",
    "environmental_anomaly_explained": true
  }
}