{
  "n_total": 2315,
  "emission_sed": {
    "sfr_discrepancy": {
      "rho": -0.2522986199279732,
      "p": 1.7451860730106004e-05
    },
    "sed_quality": {
      "rho": 0.10218176966467626,
      "p": 0.08618963775412244
    },
    "age_paradox": {
      "n_impossible": 6,
      "mean_gamma_impossible": 1.6254945811145982,
      "mean_gamma_possible": 0.9554221826431019,
      "ratio": 1.7013364464888105,
      "n_resolved": 2
    },
    "complex_pop": {
      "n_complex": 24,
      "mean_gamma_complex": 1.0947843951240555,
      "mean_gamma_simple": 0.9580312223777973,
      "ratio": 1.1427439623594333
    },
    "age_indicators": {
      "rho_mwa": 0.039699969609401385,
      "p_mwa": 0.5059460925991858
    }
  }
}