{
  "step": "Step 138: Environmental Screening Steiger Z-Test",
  "tep_prediction": "Group Halo Screening suppresses Gamma_t in dense environments. rho(dust, Gamma_t) should be significantly lower in overdense regions than in the field, even after controlling for stellar mass.",
  "method": "Fisher Z-test for independent correlations comparing field vs overdense Spearman rho(dust, Gamma_t). Mass-matched quintile test controls for mass confounding. Partial correlation controls for both mass and environment.",
  "full_sample": {
    "label": "Full sample (z=4-10)",
    "n_total": 2315,
    "n_field": 1158,
    "n_dense": 1157,
    "median_density": 194263.36420535285,
    "rho_field": -0.11247504640148043,
    "p_field": 0.0001253086126465986,
    "rho_dense": -0.40500245537278035,
    "p_dense": 6.717894897978339e-47,
    "delta_rho": 0.2925274089712999,
    "delta_rho_ci_low": 0.21349407290981912,
    "delta_rho_ci_high": 0.3704732665108471,
    "Z_fisher_independent": 7.608214571270406,
    "p_fisher_independent": 2.7755575615628914e-14,
    "rho_gamma_t_density": -0.17835130242388578,
    "partial_rho_dust_gamma_t_given_mass_env": -0.29955527276033445,
    "partial_p": 3.311019308552566e-49,
    "mass_matched_quintile_deltas": [
      0.44778629787319724,
      0.14680177340437456,
      0.3127959661082741,
      0.32988884453727313,
      0.10702621905748555
    ],
    "mean_mass_matched_delta_rho": 0.26885982019612087,
    "n_quintiles_positive": 5,
    "n_quintiles_tested": 5,
    "tep_prediction": "rho_field > rho_dense (screening suppresses in dense regions)",
    "tep_confirmed": true,
    "interpretation": "SUPPORTS TEP"
  },
  "z_gt_8": {
    "label": "z > 8",
    "n_total": 283,
    "n_field": 142,
    "n_dense": 141,
    "median_density": 322029.32673890673,
    "rho_field": 0.5086495763750783,
    "p_field": 1.0277712513246462e-10,
    "rho_dense": 0.3979665225394923,
    "p_dense": 1.0242220514926548e-06,
    "delta_rho": 0.11068305383558608,
    "delta_rho_ci_low": -0.1004356550644031,
    "delta_rho_ci_high": 0.3325034551678887,
    "Z_fisher_independent": 1.1623272348141054,
    "p_fisher_independent": 0.2451025679167984,
    "rho_gamma_t_density": 0.0016786316491560287,
    "partial_rho_dust_gamma_t_given_mass_env": 0.21971864985143513,
    "partial_p": 0.00019492279494266165,
    "mass_matched_quintile_deltas": [
      0.2855166572557877,
      0.15015918173812914,
      -0.13077833055586113,
      -0.1496526462043703,
      -0.04198993658671074
    ],
    "mean_mass_matched_delta_rho": 0.02265098512939493,
    "n_quintiles_positive": 2,
    "n_quintiles_tested": 5,
    "tep_prediction": "rho_field > rho_dense (screening suppresses in dense regions)",
    "tep_confirmed": false,
    "interpretation": "MARGINAL"
  },
  "z_6_8": {
    "label": "z = 6-8",
    "n_total": 593,
    "n_field": 297,
    "n_dense": 296,
    "median_density": 233918.1607501131,
    "rho_field": -0.08297788331345379,
    "p_field": 0.1537397287855687,
    "rho_dense": -0.27839225974819193,
    "p_dense": 1.1393308342795843e-06,
    "delta_rho": 0.19541437643473814,
    "delta_rho_ci_low": 0.02958623700754171,
    "delta_rho_ci_high": 0.3515024458868712,
    "Z_fisher_independent": 2.456352081145725,
    "p_fisher_independent": 0.014035557062115345,
    "rho_gamma_t_density": -0.15220483862554054,
    "partial_rho_dust_gamma_t_given_mass_env": -0.1724632489342322,
    "partial_p": 2.415290600451349e-05,
    "mass_matched_quintile_deltas": [
      0.12778262160945092,
      0.17073682716478228,
      0.04882894882894881,
      0.14761358124049126,
      0.3139236287821193
    ],
    "mean_mass_matched_delta_rho": 0.16177712152515852,
    "n_quintiles_positive": 5,
    "n_quintiles_tested": 5,
    "tep_prediction": "rho_field > rho_dense (screening suppresses in dense regions)",
    "tep_confirmed": true,
    "interpretation": "SUPPORTS TEP"
  },
  "z_4_6": {
    "label": "z = 4-6 (control)",
    "n_total": 1439,
    "n_field": 720,
    "n_dense": 719,
    "median_density": 165915.37194014413,
    "rho_field": -0.025101803822924044,
    "p_field": 0.5012732389682923,
    "rho_dense": -0.11143003991667992,
    "p_dense": 0.0027713028841459576,
    "delta_rho": 0.08632823609375588,
    "delta_rho_ci_low": -0.020588811492303644,
    "delta_rho_ci_high": 0.1961857747242381,
    "Z_fisher_independent": 1.6426717777867064,
    "p_fisher_independent": 0.10045086101038536,
    "rho_gamma_t_density": 0.010259019950304716,
    "partial_rho_dust_gamma_t_given_mass_env": -0.0888663199195231,
    "partial_p": 0.0007386455982779986,
    "mass_matched_quintile_deltas": [
      0.25889480423617217,
      0.18498181380817622,
      -0.08505626449026148,
      0.05556214478772609,
      -0.025319737525511782
    ],
    "mean_mass_matched_delta_rho": 0.07781255216326025,
    "n_quintiles_positive": 3,
    "n_quintiles_tested": 5,
    "tep_prediction": "rho_field > rho_dense (screening suppresses in dense regions)",
    "tep_confirmed": false,
    "interpretation": "MARGINAL"
  },
  "summary": {
    "n_tests": 4,
    "n_tep_confirmed": 2,
    "fraction_confirmed": 0.5,
    "primary_result": {
      "label": "z > 8",
      "n_total": 283,
      "n_field": 142,
      "n_dense": 141,
      "median_density": 322029.32673890673,
      "rho_field": 0.5086495763750783,
      "p_field": 1.0277712513246462e-10,
      "rho_dense": 0.3979665225394923,
      "p_dense": 1.0242220514926548e-06,
      "delta_rho": 0.11068305383558608,
      "delta_rho_ci_low": -0.1004356550644031,
      "delta_rho_ci_high": 0.3325034551678887,
      "Z_fisher_independent": 1.1623272348141054,
      "p_fisher_independent": 0.2451025679167984,
      "rho_gamma_t_density": 0.0016786316491560287,
      "partial_rho_dust_gamma_t_given_mass_env": 0.21971864985143513,
      "partial_p": 0.00019492279494266165,
      "mass_matched_quintile_deltas": [
        0.2855166572557877,
        0.15015918173812914,
        -0.13077833055586113,
        -0.1496526462043703,
        -0.04198993658671074
      ],
      "mean_mass_matched_delta_rho": 0.02265098512939493,
      "n_quintiles_positive": 2,
      "n_quintiles_tested": 5,
      "tep_prediction": "rho_field > rho_dense (screening suppresses in dense regions)",
      "tep_confirmed": false,
      "interpretation": "MARGINAL"
    },
    "conclusion": "2/4 redshift bins show the predicted environmental screening pattern (rho_field > rho_dense). Primary test (z > 8): delta_rho = 0.111, Z = 1.16, p = 0.2451."
  }
}