{
  "test": "Chi-Squared Diagnostic",
  "n_total": 2315,
  "correlation": {
    "rho": 0.23386125573919767,
    "p": 3.969244622670581e-30
  },
  "regimes": [
    {
      "regime": "Neutral",
      "gamma_range": [
        0,
        1
      ],
      "n": 2292,
      "mean_chi2": 41.90128081170694,
      "median_chi2": 12.875921937700634
    },
    {
      "regime": "Enhanced",
      "gamma_range": [
        1,
        4
      ],
      "n": 19,
      "mean_chi2": 121.69173929696994,
      "median_chi2": 50.176389082090765
    }
  ],
  "enhanced_vs_suppressed": {
    "chi2_ratio": 2.7911645623654557,
    "p": 1.5796000993577405e-05,
    "significant": true
  }
}