{
  "ceers_source": "ceers_real",
  "ceers_n": 82,
  "mass_dust": {
    "rho": 0.680499776885319,
    "ci_lo": 0.5205684198361263,
    "ci_hi": 0.7993088724002527,
    "p": 2.026059724327422e-12,
    "n": 82
  },
  "gamma_dust": {
    "rho_raw": 0.6452585409388231,
    "p_raw": 5.998049948343623e-11,
    "rho_partial": 0.14657174374473825,
    "p_partial": 0.1888473356023718
  },
  "uncover": {
    "uncover_n": 283,
    "uncover_rho": 0.5594522703471411,
    "uncover_p": 1.046457458256734e-24
  },
  "replication_status": "confirmed"
}