{
  "step": "152",
  "name": "uncover_dr4_full_sps",
  "description": "UNCOVER DR4 Full SPS (MegaScience 20-band, Prospector-\u03b2)",
  "reference": "Wang et al. 2024; Suess et al. 2024; Price et al. 2025",
  "catalog_version": "DR4 (February 2025)",
  "n_total_catalog": 74020,
  "n_quality_z_gt_4": 2628,
  "n_z_gt_5": 1690,
  "n_z_gt_7": 860,
  "n_z_gt_8": 731,
  "n_zspec_quality": 203,
  "n_zspec_z_gt_4": 53,
  "n_zspec_z_gt_5": 35,
  "upgrade_factor_vs_step01": 1.1,
  "tep_signal_photoz": {
    "dust2_z_gt_4": {
      "N": 2628,
      "rho": 0.14195389511941775,
      "p": 2.657246858964247e-13,
      "p_formatted": 2.657246858964247e-13
    },
    "dust2_z_gt_5": {
      "N": 1690,
      "rho": 0.14024602983374532,
      "p": 7.0457641587191396e-09,
      "p_formatted": 7.0457641587191396e-09
    },
    "dust2_z_gt_7": {
      "N": 860,
      "rho": 0.12980982120512383,
      "p": 0.0001348670101993144,
      "p_formatted": 0.0001348670101993144
    },
    "dust2_z_gt_8": {
      "N": 731,
      "rho": 0.08882184284991473,
      "p": 0.016300505904710955,
      "p_formatted": 0.016300505904710955
    },
    "mwa_z_gt_4": {
      "N": 2628,
      "rho": -0.2556910008806578,
      "p": 1.6878763195841316e-40,
      "p_formatted": 1.6878763195841316e-40
    },
    "mwa_z_gt_7": {
      "N": 860,
      "rho": -0.4331839532025478,
      "p": 1.1924652658113257e-40,
      "p_formatted": 1.1924652658113257e-40
    },
    "met_z_gt_4": {
      "N": 2628,
      "rho": 0.11490069218788068,
      "p": 3.4830490093018726e-09,
      "p_formatted": 3.4830490093018726e-09
    },
    "dust2_partial_z_gt_4": {
      "N": 2628,
      "rho_partial": 0.2812403041806055,
      "p": 5.684039793716121e-49,
      "p_formatted": 5.684039793716121e-49,
      "note": "Partial rho(Gamma_t, dust2 | M*, z) \u2014 mass+z controlled"
    },
    "dust2_redshift_bins": [
      {
        "z_bin": "4-5",
        "z_mid": 4.5,
        "N": 938,
        "rho": 0.03367162323762807,
        "p": 0.3029299322792628,
        "p_formatted": 0.3029299322792628
      },
      {
        "z_bin": "5-6",
        "z_mid": 5.5,
        "N": 505,
        "rho": 0.010130485098199261,
        "p": 0.8203490769728415,
        "p_formatted": 0.8203490769728415
      },
      {
        "z_bin": "6-7",
        "z_mid": 6.5,
        "N": 325,
        "rho": -0.0482107213395557,
        "p": 0.3863332116772873,
        "p_formatted": 0.3863332116772873
      },
      {
        "z_bin": "7-8",
        "z_mid": 7.5,
        "N": 129,
        "rho": 0.38833296064400724,
        "p": 5.429689009916603e-06,
        "p_formatted": 5.429689009916603e-06
      },
      {
        "z_bin": "8-9",
        "z_mid": 8.5,
        "N": 66,
        "rho": 0.4923285669554327,
        "p": 2.6828226805063528e-05,
        "p_formatted": 2.6828226805063528e-05
      },
      {
        "z_bin": "9-12",
        "z_mid": 10.5,
        "N": 122,
        "rho": -0.0013449165788230162,
        "p": 0.9882697893013033,
        "p_formatted": 0.9882697893013033
      }
    ],
    "agb_threshold": {
      "N_above": 2392,
      "N_below": 236,
      "median_dust2_above": 0.2256360133606722,
      "median_dust2_below": 0.47315337484810305,
      "dust2_ratio": 0.4768771086819541,
      "mannwhitney_p": 0.9999999947236253,
      "p_formatted": 0.9999999947236253
    }
  },
  "tep_signal_zspec": {
    "dust2_z_gt_2": {
      "N": 161,
      "rho": 0.47288072233724415,
      "p": 2.3876678358601146e-10,
      "p_formatted": 2.3876678358601146e-10,
      "note": "Spec-z fixed Prospector SED fit"
    },
    "dust2_z_gt_4": {
      "N": 53,
      "rho": 0.5349943557490727,
      "p": 3.6733745090560094e-05,
      "p_formatted": 3.6733745090560094e-05,
      "note": "Spec-z fixed Prospector SED fit"
    },
    "dust2_z_gt_5": {
      "N": 35,
      "rho": 0.6280112044817928,
      "p": 5.371768212973947e-05,
      "p_formatted": 5.371768212973947e-05,
      "note": "Spec-z fixed Prospector SED fit"
    }
  }
}