{
  "n_total": 2315,
  "cutting_edge": {
    "overmassive_bh": {
      "rho": -0.8461479121499202,
      "ratio": 0.8880146687956993
    },
    "disk_morphology": {
      "mean_gamma_disk": 1.0038706653005707,
      "mean_gamma_irregular": 0.9663204137448359
    },
    "photon_budget": {
      "mean_ratio": 0.9696286645894939
    },
    "nitrogen_enrichment": {
      "rho_cosmic": -0.0532311083991103,
      "rho_teff": -0.021098585291644763,
      "improvement": 0.03213252310746553
    },
    "proto_gc": {
      "n": 87,
      "mean_gamma_pgc": 1.177758427675106,
      "mean_gamma_normal": 0.9079547216400775,
      "ratio": 1.2971554633778108
    }
  }
}