mass_reduction_dex,n_z8,rho_mass_dust_z8,p_mass_dust_z8,rho_gamma_dust_z8,p_gamma_dust_z8,rho_gamma_age_z4,p_gamma_age_z4,ks_chi2_separation,p_ks_chi2,mean_chi2_enhanced,mean_chi2_suppressed,dust_diff_high_low_gamma,age_diff_high_low_gamma,met_diff_high_low_gamma,n_enhanced,n_suppressed
0.0,283,0.5594522703471411,1.046457458256734e-24,0.5928581034360436,2.9965940211265736e-28,0.04789577527211646,0.021191412985561757,0.22361571225745386,1.406946049952802e-08,80.84447608372462,38.99530476302188,-0.05134022477835826,0.01278077019326429,-0.05388274602839871,202,2113
0.3,283,0.5594522703471411,1.046457458256734e-24,0.5976210620614144,8.657083911814165e-29,0.03151853076540152,0.12950563023733272,0.2666589239569118,4.302142632337426e-06,94.93236004071609,40.45857499972592,-0.09834391164000894,0.011941939647839295,-0.06921545554490494,93,2222
0.5,283,0.5594522703471411,1.046457458256734e-24,0.5991411214448558,5.79927214393124e-29,0.023847571703983744,0.25139975738497744,0.3643749897619867,8.827555770440825e-07,126.3551012790057,40.64771679084975,-0.12057053544369395,0.011534505045529747,-0.07682472652701877,54,2261
0.7,283,0.5594522703471411,1.046457458256734e-24,0.6000989018087171,4.5005040737310877e-29,0.016962163333604577,0.41464713566097455,0.45355100491184774,2.340695848611108e-07,122.93768205179542,41.34283094699788,-0.13074923025995805,0.010174567631306225,-0.08039231247924516,37,2278
1.0,283,0.5594522703471411,1.046457458256734e-24,0.5984819525377209,6.901460922528414e-29,0.011214837592505456,0.5896652181500828,0.5113432980215741,7.422506575338685e-05,118.49036975088295,42.05260621578655,-0.15317254027081795,0.008994078948779932,-0.0807076973747547,18,2297
