{
  "n_total": 2315,
  "adversarial": {
    "random_gamma": {
      "rho_real": 0.4712708247076625,
      "rho_random_mean": 0.0010439880089498723,
      "rho_random_std": 0.06103181571761497,
      "z_score": 7.7046181761064005,
      "n_exceed": 0
    },
    "wrong_sign": {
      "rho_positive_alpha": 0.4712708247076625,
      "rho_negative_alpha": -0.4712708247076625
    },
    "shuffled_z": {
      "rho_real_z": 0.4712708247076625,
      "rho_shuffled_z": 0.40074769343827793
    },
    "pure_mass": {
      "rho_gamma": 0.4712708247076625,
      "rho_mstar": 0.5594522703471411,
      "rho_mh": 0.5754438668701177
    },
    "z_confounding": [
      {
        "z_range": "8-8.5",
        "n": 107,
        "rho": 0.21648151413624878,
        "p": 0.025115023001588122
      },
      {
        "z_range": "8.5-9",
        "n": 72,
        "rho": 0.43198919544665254,
        "p": 0.000151184728189298
      },
      {
        "z_range": "9-10",
        "n": 104,
        "rho": 0.7558732529606317,
        "p": 1.7888828098510576e-20
      }
    ],
    "magnitude_bias": {
      "rho_bright": 0.31896913395265203,
      "rho_faint": 0.43707236724917276
    }
  },
  "summary": {
    "tests_passed": 6,
    "tests_total": 7
  }
}