{
  "total_spec": 34,
  "full_sample": {
    "sample_name": "Full Sample (z > 4)",
    "n": 34,
    "rho_gamma_age": 0.5501909854851031,
    "rho_gamma_age_ci": [
      0.24377781626432324,
      0.7511898800427405
    ],
    "p_gamma_age": 0.0007486978762974733
  },
  "z8_sample": {
    "sample_name": "z > 8 Sample",
    "n": 21,
    "rho_gamma_age": 0.6272727272727273,
    "rho_gamma_age_ci": [
      0.2758056265984655,
      0.8217760289297278
    ],
    "p_gamma_age": 0.0023372863127848866
  },
  "redshift_bins": [
    {
      "z_lo": 6,
      "z_hi": 8,
      "n": 13,
      "rho": 0.8186813186813187,
      "p": 0.0006209883849300381
    },
    {
      "z_lo": 8,
      "z_hi": 12,
      "n": 21,
      "rho": 0.6272727272727273,
      "p": 0.0023372863127848866
    }
  ],
  "validation_status": "confirmed"
}