{
  "mirror": {
    "rho_uncover": -0.006035944296748368,
    "rho_jades": 0.7073020370044381,
    "same_sign": false,
    "mirror": false
  },
  "symmetry": {
    "ratio_observed": 1.0404313918853096,
    "ratio_predicted": 1.1420489919836527,
    "agreement_pct": 91.10216804956492,
    "symmetric": true
  },
  "chain": {
    "chain": [
      [
        "Mass \u2192 \u0393_t",
        0.4184561825396153,
        8.165599850618901e-99
      ],
      [
        "\u0393_t \u2192 t_eff",
        0.9205114428593865,
        0.0
      ],
      [
        "t_eff \u2192 age_ratio",
        -0.04472411464721615,
        0.03141385641782536
      ],
      [
        "age_ratio \u2192 anomaly",
        0.2517843763338405,
        8.335044863356764e-35
      ]
    ],
    "unbroken": true,
    "full_chain_rho": 0.16452580501065664,
    "full_chain_p": 1.6371426315929807e-15
  },
  "ratio": {
    "mean_ratio": 0.6224673579317754,
    "predicted_ratio": 0.6224673579317754,
    "cosmic": false
  },
  "combined": {
    "r2": 0.006096107278411198,
    "random_residuals": false,
    "evidence_score": 2,
    "combined_pass": false
  }
}