{
  "assembly_time": null,
  "time_thresholds": {
    "chemical_enrichment": {
      "threshold_Myr": 100,
      "n_above": 2261,
      "n_below": 54,
      "mean_above": 0.1606269552762477,
      "mean_below": 0.18460159050358826,
      "ratio": 0.8701276887055069,
      "p_value": 0.006638251079017083
    },
    "agb_dust": {
      "threshold_Myr": 300,
      "n_above": 1721,
      "n_below": 594,
      "mean_above": 0.16023499669856842,
      "mean_below": 0.16394209166423165,
      "ratio": 0.9773877780377738,
      "p_value": 0.22484659788972866
    },
    "quenching": {
      "threshold_Myr": 500,
      "n_above": 1228,
      "n_below": 1087,
      "mean_above": 0.16542039163991673,
      "mean_below": 0.15640275145627608,
      "ratio": 1.0576565316126272,
      "p_value": 0.0007317611586378169
    },
    "full_evolution": {
      "threshold_Myr": 1000,
      "n_above": 287,
      "n_below": 2028,
      "mean_above": 0.19582568974709913,
      "mean_below": 0.1562840526673434,
      "ratio": 1.2530113367607738,
      "p_value": 5.603674697478135e-23
    }
  },
  "redshift_scaling": {
    "z_centers": [
      8.0,
      10.0
    ],
    "slopes": [
      -0.004112284524546062,
      0.0026423706142689966
    ],
    "rho_slope_z": 0.9999999999999999,
    "p_slope_z": 1.0,
    "tep_consistent": true
  },
  "cross_sample": {
    "UNCOVER": {
      "n": 2315,
      "rho": 0.04789577527211646,
      "p": 0.021191412985561757
    },
    "JADES": {
      "n": 422,
      "rho": 0.8727631237144158,
      "p": 6.901876289112809e-133
    },
    "consistent": false
  },
  "formation_epoch": {
    "age_0_0.1": {
      "n": 415,
      "rho": 0.3473888866502801,
      "p": 3.2509613991960986e-13
    },
    "age_0.1_0.2": {
      "n": 1230,
      "rho": 0.5119362037596081,
      "p": 4.0292569234267136e-83
    },
    "age_0.2_0.5": {
      "n": 660,
      "rho": -0.06838583192339744,
      "p": 0.07915858461947292
    }
  }
}