{
  "n": 277,
  "rho_mass_grad": -0.16561160112876575,
  "p_mass_grad": 0.005727857723798489,
  "rho_z_grad": 0.1863660453388268,
  "p_z_grad": 0.0018390828404250548,
  "binned_results": [
    {
      "mass_range": [
        7.0,
        8.5
      ],
      "n": 228,
      "mean_gradient": 0.20144900679588318,
      "sem_gradient": 0.04278042912483215
    },
    {
      "mass_range": [
        8.5,
        9.5
      ],
      "n": 9,
      "mean_gradient": 0.10730775445699692,
      "sem_gradient": 0.07199778407812119
    }
  ]
}