{
  "test": "Chi-Squared Diagnostic",
  "n_total": 2315,
  "correlation": {
    "rho": 0.21347344961830955,
    "p": 2.88514194384715e-25
  },
  "regimes": [
    {
      "regime": "Neutral",
      "gamma_range": [
        0,
        1
      ],
      "n": 2048,
      "mean_chi2": 36.45914422679035,
      "median_chi2": 12.29484621895773
    },
    {
      "regime": "Enhanced",
      "gamma_range": [
        1,
        4
      ],
      "n": 262,
      "mean_chi2": 90.14968990071671,
      "median_chi2": 24.56812498857186
    }
  ],
  "enhanced_vs_suppressed": {
    "chi2_ratio": 2.471530082754053,
    "p": 1.434411610758805e-13,
    "significant": true
  }
}