{
  "negative_correlation": {
    "rho_raw": 0.04789577527211646,
    "p_raw": 0.021191412985561757,
    "rho_corrected": -0.7863467603215656,
    "p_corrected": 1e-300,
    "delta_rho": -0.834242535593682,
    "tep_consistent": true,
    "within_bin_correlations": [
      -0.020712090240888197,
      0.19833330292023596
    ]
  },
  "trgb_constraint": {
    "observed": 0.054374999999999396,
    "predicted": 0.27673032773740414,
    "ratio": 0.1964909319646277,
    "sigma_ratio_eff": 1.2409377607517167,
    "sigma_disk_eff": 50,
    "sigma_halo_eff": 62.04688803758584
  },
  "screening_saturation": {
    "bin_centers": [
      10.25,
      10.75,
      11.25,
      11.75
    ],
    "mean_gamma": [
      0.5777876917405443,
      0.9642380133829175,
      1.7017113902765064,
      4.878564379735964
    ],
    "sem_gamma": [
      0.003529226990646618,
      0.016929186307956152,
      0.12996140153249422,
      1.038038378255147
    ],
    "slope": 2.72796068817597,
    "expected_slope": 1.5635430339636671,
    "slope_ratio": 1.7447301602313052,
    "saturation_detected": false
  },
  "selection_effects": {
    "rho_mass_z": -0.06956931990498777,
    "rho_controlled": 0.11981084757092053,
    "p_controlled": 7.366053945735522e-09,
    "rho_gamma_controlled": 0.007710867808207778,
    "p_gamma_controlled": 0.7107795920368576,
    "selection_robust": true
  },
  "prediction_precision": {
    "coefficients": {
      "a": 0.00253768931518508,
      "b": 0.004748742816467348,
      "c": 0.13169783009937683
    },
    "rmse": 0.06305737439702748,
    "r2": 0.03401347938979449,
    "r2_null": 0.015927740526915257,
    "delta_r2": 0.01808573886287923
  }
}