{
  "test": "Thread 3: \u0393_t vs Metallicity",
  "n": 1108,
  "raw_rho": 0.26902588899714247,
  "raw_p": 7.984800956972143e-20,
  "partial_rho": 0.15856775686967267,
  "partial_p": 1.121603899599632e-07,
  "ci_95": [
    0.0904466653363608,
    0.2289402444337621
  ],
  "partial_rho_double": 0.021591377791882957,
  "partial_p_double": 0.47277162199571854,
  "ci_95_double": [
    -0.04871165870424519,
    0.0979362868797197
  ],
  "significant": true,
  "significant_double": false,
  "interpretation": "Enhanced time \u2192 more enrichment"
}