{
  "step": "step_173",
  "name": "Cosmic SFRD Correction",
  "surveys": {
    "UNCOVER": [
      {
        "z_lo": 6,
        "z_hi": 7,
        "z_mid": 6.5,
        "n": 372,
        "volume_Mpc3": 109137.75765838375,
        "sfrd_obs": 0.012634804029204371,
        "sfrd_corr_m05": 0.012634802691636233,
        "sfrd_corr_m07": 0.012634802156609094,
        "sfrd_lcdm_extrapolation": 0.021134890398366465,
        "sfrd_madau_dickinson": 0.01681608696324755,
        "log_sfrd_obs": -1.8984314897705952,
        "log_sfrd_corr": -1.898431535746654,
        "log_sfrd_corr_m07": -1.8984315541370747,
        "log_sfrd_lcdm": -1.675,
        "excess_factor_obs": 0.5978173433149635,
        "excess_factor_corr": 0.5978172800277587,
        "sfrd_reduction_pct": 1.0586378185184486e-05,
        "mean_gamma_t": 0.9999999660527159,
        "mean_sfr_correction": 0.9999999830263574
      },
      {
        "z_lo": 7,
        "z_hi": 8,
        "z_mid": 7.5,
        "n": 221,
        "volume_Mpc3": 98031.40254711048,
        "sfrd_obs": 0.008545121989243731,
        "sfrd_corr_m05": 0.00854512148339838,
        "sfrd_corr_m07": 0.008545121281060261,
        "sfrd_lcdm_extrapolation": 0.009440608762859235,
        "sfrd_madau_dickinson": 0.011726093249474445,
        "log_sfrd_obs": -2.068281732957611,
        "log_sfrd_corr": -2.06828175866653,
        "log_sfrd_corr_m07": -2.068281768950097,
        "log_sfrd_lcdm": -2.025,
        "excess_factor_obs": 0.9051452299200786,
        "excess_factor_corr": 0.9051451763382212,
        "sfrd_reduction_pct": 5.9196972546082804e-06,
        "mean_gamma_t": 0.9999999623331337,
        "mean_sfr_correction": 0.9999999811665663
      },
      {
        "z_lo": 8,
        "z_hi": 9,
        "z_mid": 8.5,
        "n": 179,
        "volume_Mpc3": 88524.92901997165,
        "sfrd_obs": 0.024936245570744597,
        "sfrd_corr_m05": 0.024936234553733557,
        "sfrd_corr_m07": 0.02493623014693111,
        "sfrd_lcdm_extrapolation": 0.004216965034285823,
        "sfrd_madau_dickinson": 0.008502704242699735,
        "log_sfrd_obs": -1.603168933802513,
        "log_sfrd_corr": -1.6031691256769531,
        "log_sfrd_corr_m07": -1.6031692024267188,
        "log_sfrd_lcdm": -2.375,
        "excess_factor_obs": 5.913315706438564,
        "excess_factor_corr": 5.913313093893535,
        "sfrd_reduction_pct": 4.418071279932434e-05,
        "mean_gamma_t": 0.9999999785202007,
        "mean_sfr_correction": 0.9999999892600974
      },
      {
        "z_lo": 9,
        "z_hi": 10,
        "z_mid": 9.5,
        "n": 104,
        "volume_Mpc3": 80383.33307644447,
        "sfrd_obs": 0.015725247796425274,
        "sfrd_corr_m05": 0.015725234977537025,
        "sfrd_corr_m07": 0.015725229849985634,
        "sfrd_lcdm_extrapolation": 0.0018836490894898021,
        "sfrd_madau_dickinson": 0.0063642712653969626,
        "log_sfrd_obs": -1.8034025022723772,
        "log_sfrd_corr": -1.8034028563001656,
        "log_sfrd_corr_m07": -1.8034029979112538,
        "log_sfrd_lcdm": -2.7249999999999996,
        "excess_factor_obs": 8.3482894367998,
        "excess_factor_corr": 8.348282631451434,
        "sfrd_reduction_pct": 8.151787759258511e-05,
        "mean_gamma_t": 1.0000000217807856,
        "mean_sfr_correction": 1.0000000108903835
      }
    ],
    "CEERS": [
      {
        "z_lo": 6,
        "z_hi": 7,
        "z_mid": 6.5,
        "n": 1835,
        "volume_Mpc3": 242528.35035196386,
        "sfrd_obs": 0.150030702476607,
        "sfrd_corr_m05": 0.1500304122781769,
        "sfrd_corr_m07": 0.15003029619908886,
        "sfrd_lcdm_extrapolation": 0.021134890398366465,
        "sfrd_madau_dickinson": 0.01681608696324755,
        "log_sfrd_obs": -0.8238198572660308,
        "log_sfrd_corr": -0.8238206973054137,
        "log_sfrd_corr_m07": -0.8238210333207998,
        "log_sfrd_lcdm": -1.675,
        "excess_factor_obs": 7.098721575968192,
        "excess_factor_corr": 7.098707845192937,
        "sfrd_reduction_pct": 0.00019342602900485062,
        "mean_gamma_t": 0.9999999871549354,
        "mean_sfr_correction": 0.9999999935773616
      },
      {
        "z_lo": 7,
        "z_hi": 8,
        "z_mid": 7.5,
        "n": 554,
        "volume_Mpc3": 217847.56121580108,
        "sfrd_obs": 0.0426783305431576,
        "sfrd_corr_m05": 0.04267830855203577,
        "sfrd_corr_m07": 0.042678299755592154,
        "sfrd_lcdm_extrapolation": 0.009440608762859235,
        "sfrd_madau_dickinson": 0.011726093249474445,
        "log_sfrd_obs": -1.3697925772999326,
        "log_sfrd_corr": -1.369792801081538,
        "log_sfrd_corr_m07": -1.3697928905941603,
        "log_sfrd_lcdm": -2.025,
        "excess_factor_obs": 4.5207180612187345,
        "excess_factor_corr": 4.520715731800963,
        "sfrd_reduction_pct": 5.1527605582357694e-05,
        "mean_gamma_t": 0.9999999737887894,
        "mean_sfr_correction": 0.9999999868943915
      },
      {
        "z_lo": 8,
        "z_hi": 9,
        "z_mid": 8.5,
        "n": 382,
        "volume_Mpc3": 196722.06448882588,
        "sfrd_obs": 0.013504109661396991,
        "sfrd_corr_m05": 0.013504105745779696,
        "sfrd_corr_m07": 0.013504104179533422,
        "sfrd_lcdm_extrapolation": 0.004216965034285823,
        "sfrd_madau_dickinson": 0.008502704242699735,
        "log_sfrd_obs": -1.8695340439747725,
        "log_sfrd_corr": -1.8695341699017143,
        "log_sfrd_corr_m07": -1.8695342202724805,
        "log_sfrd_lcdm": -2.375,
        "excess_factor_obs": 3.202329056940834,
        "excess_factor_corr": 3.2023281284016445,
        "sfrd_reduction_pct": 2.8995745693372044e-05,
        "mean_gamma_t": 0.9999999485445737,
        "mean_sfr_correction": 0.9999999742722847
      },
      {
        "z_lo": 9,
        "z_hi": 10,
        "z_mid": 9.5,
        "n": 236,
        "volume_Mpc3": 178629.62905876548,
        "sfrd_obs": 0.020816276215411184,
        "sfrd_corr_m05": 0.02081626501445806,
        "sfrd_corr_m07": 0.02081626053407995,
        "sfrd_lcdm_extrapolation": 0.0018836490894898021,
        "sfrd_madau_dickinson": 0.0063642712653969626,
        "log_sfrd_obs": -1.6815969580022714,
        "log_sfrd_corr": -1.6815971916902466,
        "log_sfrd_corr_m07": -1.6815972851654064,
        "log_sfrd_lcdm": -2.7249999999999996,
        "excess_factor_obs": 11.051037229577299,
        "excess_factor_corr": 11.051031283165525,
        "sfrd_reduction_pct": 5.3808630362528476e-05,
        "mean_gamma_t": 0.9999999909725247,
        "mean_sfr_correction": 0.9999999954862402
      },
      {
        "z_lo": 10,
        "z_hi": 12,
        "z_mid": 11.0,
        "n": 269,
        "volume_Mpc3": 312671.436233267,
        "sfrd_obs": 0.010628189013756789,
        "sfrd_corr_m05": 0.010628185444660519,
        "sfrd_corr_m07": 0.010628184017022532,
        "sfrd_lcdm_extrapolation": 0.0005623413251903491,
        "sfrd_madau_dickinson": 0.0043225674119272365,
        "log_sfrd_obs": -1.9735407306165171,
        "log_sfrd_corr": -1.9735408764587743,
        "log_sfrd_corr_m07": -1.9735409347956696,
        "log_sfrd_lcdm": -3.25,
        "excess_factor_obs": 18.899889689165583,
        "excess_factor_corr": 18.899883342315174,
        "sfrd_reduction_pct": 3.3581415104233514e-05,
        "mean_gamma_t": 1.0000008105970506,
        "mean_sfr_correction": 1.000000405295488
      }
    ]
  },
  "combined": [
    {
      "z_lo": 6,
      "z_hi": 7,
      "z_mid": 6.5,
      "n": 2207,
      "log_sfrd_obs": -0.9690337471023671,
      "log_sfrd_corr": -0.9690345581481403,
      "log_sfrd_corr_m07": -0.9690348825660815,
      "log_sfrd_lcdm": -1.675,
      "log_sfrd_md14": -1.7742750553857138,
      "excess_factor_obs": 5.081199572730983,
      "excess_factor_corr": 5.08119008358995,
      "sfrd_reduction_pct": 0.0001867500163399427
    },
    {
      "z_lo": 7,
      "z_hi": 8,
      "z_mid": 7.5,
      "n": 775,
      "log_sfrd_obs": -1.4936943583214746,
      "log_sfrd_corr": -1.4936945657318308,