{
  "surveys_loaded": [
    "UNCOVER",
    "CEERS",
    "COSMOS-Web"
  ],
  "survey_correlations": {
    "UNCOVER": {
      "rho": 0.6029791257884878,
      "p": 2.0887757926899795e-29,
      "log10_p": -28.680108174296027,
      "t_stat": 12.670239773464747,
      "n": 283,
      "se": 0.05976143046671968,
      "ci_lower": 0.5231614763399076,
      "ci_upper": 0.6723105301669378,
      "z_fisher": 0.69781513556205
    },
    "CEERS": {
      "rho": 0.6581665415047725,
      "p": 1.8269684771719155e-11,
      "log10_p": -10.738268945974443,
      "t_stat": 7.8191480436068455,
      "n": 82,
      "se": 0.1125087900926024,
      "ci_lower": 0.514664804531185,
      "ci_upper": 0.7657989467787775,
      "z_fisher": 0.789572061296761
    },
    "COSMOS-Web": {
      "rho": 0.6291657760807252,
      "p": 2.431303195687601e-102,
      "log10_p": -101.61416087908205,
      "t_stat": 24.498544590786988,
      "n": 918,
      "se": 0.033058980245364314,
      "ci_lower": 0.5884152146524173,
      "ci_upper": 0.6667281987567367,
      "z_fisher": 0.740034120877507
    }
  },
  "meta_analysis": {
    "rho_combined": 0.6254011128775211,
    "ci_lower": 0.5908132692076081,
    "ci_upper": 0.6576944069744148,
    "se": 0.02801659073402629,
    "z_stat": 26.192588844371397,
    "p_combined": 3.2277124284290486e-151,
    "n_total": 1283,
    "n_surveys": 3
  },
  "heterogeneity": {
    "Q": 0.6438661032133988,
    "df": 2,
    "p_Q": 0.7247467093334898,
    "I2": 0.0,
    "interpretation": "Low heterogeneity",
    "consistent": true
  },
  "systematics": {
    "mass_distributions": {
      "UNCOVER": {
        "mean": 8.463302797243529,
        "std": 0.4326089785274364,
        "median": 8.347686695589028
      },
      "CEERS": {
        "mean": 9.029659993482214,
        "std": 0.9020614394923006,
        "median": 8.76494986101844
      },
      "COSMOS-Web": {
        "mean": 8.753547881811205,
        "std": 0.7277196038934157,
        "median": 8.563089999999999
      }
    },
    "redshift_distributions": {
      "UNCOVER": {
        "mean": 5.825741384544903,
        "std": 1.5354106867343804,
        "median": 5.236858940389137
      },
      "CEERS": {
        "mean": 9.27551792829989,
        "std": 0.8703542443771646,
        "median": 9.028825275424097
      },
      "COSMOS-Web": {
        "mean": 9.171391174213355,
        "std": 0.8011537973357021,
        "median": 9.1664
      }
    }
  },
  "time_tests": {
    "UNCOVER": {
      "dust_positive_only": {
        "n": 283,
        "rho_t_cosmic_dust": -0.006257604267814239,
        "p_t_cosmic_dust": 0.9165310933827602,
        "log10_p_t_cosmic_dust": -0.03785279698054561,
        "rho_t_eff_dust": 0.23295876302851315,
        "p_t_eff_dust": 7.615313894022365e-05,
        "log10_p_t_eff_dust": -4.118312190866053,
        "delta_rho": 0.2392163672963274,
        "teff_threshold_gyr": 0.3,
        "threshold_test": null,
        "detection_test": null
      },
      "all_dust": {
        "n": 283,
        "rho_t_cosmic_dust": -0.006257604267814239,
        "p_t_cosmic_dust": 0.9165310933827602,
        "log10_p_t_cosmic_dust": -0.03785279698054561,
        "rho_t_eff_dust": 0.23295876302851315,
        "p_t_eff_dust": 7.615313894022365e-05,
        "log10_p_t_eff_dust": -4.118312190866053,
        "delta_rho": 0.2392163672963274,
        "teff_threshold_gyr": 0.3,
        "threshold_test": null,
        "detection_test": null
      }
    },
    "CEERS": {
      "dust_positive_only": {
        "n": 82,
        "rho_t_cosmic_dust": -0.052252369913257365,
        "p_t_cosmic_dust": 0.6410580043627729,
        "log10_p_t_cosmic_dust": -0.19310267276671092,
        "rho_t_eff_dust": 0.47427650983337144,
        "p_t_eff_dust": 6.7574495501499615e-06,
        "log10_p_t_eff_dust": -5.170217187978222,
        "delta_rho": 0.5265288797466288,
        "teff_threshold_gyr": 0.3,
        "threshold_test": null,
        "detection_test": null
      },
      "all_dust": {
        "n": 82,
        "rho_t_cosmic_dust": -0.052252369913257365,
        "p_t_cosmic_dust": 0.6410580043627729,
        "log10_p_t_cosmic_dust": -0.19310267276671092,
        "rho_t_eff_dust": 0.47427650983337144,
        "p_t_eff_dust": 6.7574495501499615e-06,
        "log10_p_t_eff_dust": -5.170217187978222,
        "delta_rho": 0.5265288797466288,
        "teff_threshold_gyr": 0.3,
        "threshold_test": null,
        "detection_test": null
      }
    },
    "COSMOS-Web": {
      "dust_positive_only": {
        "n": 918,
        "rho_t_cosmic_dust": -0.2299746121656186,
        "p_t_cosmic_dust": 1.7492219390072158e-12,
        "log10_p_t_cosmic_dust": -11.757155084305673,
        "rho_t_eff_dust": 0.5161175640515762,
        "p_t_eff_dust": 1.2397826010135328e-63,
        "log10_p_t_eff_dust": -62.9066544627875,
        "delta_rho": 0.7460921762171948,
        "teff_threshold_gyr": 0.3,
        "threshold_test": null,
        "detection_test": null
      },
      "all_dust": {
        "n": 2606,
        "rho_t_cosmic_dust": 0.25199401181288394,
        "p_t_cosmic_dust": 4.929496812591848e-39,
        "log10_p_t_cosmic_dust": -38.307197409864315,
        "rho_t_eff_dust": 0.6347823288533629,
        "p_t_eff_dust": 5.734063551519721e-294,
        "log10_p_t_eff_dust": -293.24153749800945,
        "delta_rho": 0.382788317040479,
        "teff_threshold_gyr": 0.3,
        "threshold_test": null,
        "detection_test": {
          "detected_above": 918,
          "not_detected_above": 1688,
          "detected_below": 0,
          "not_detected_below": 0,
          "detection_fraction_above": 0.3522640061396777,
          "detection_fraction_below": 0.0,
          "odds_ratio": 1.0,
          "p_value": 1.0
        }
      }
    }
  },
  "replication": {
    "n_surveys": 3,
    "n_significant": 3,
    "replication_rate": 1.0,
    "all_same_sign": true,
    "fully_replicated": true,
    "conclusion": "FULLY REPLICATED"
  },
  "summary": {
    "n_surveys": 3,
    "combined_rho": 0.6254011128775211,
    "combined_p": 3.2277124284290486e-151,
    "total_n": 1283,
    "heterogeneity": "Low heterogeneity",
    "replication_status": "FULLY REPLICATED",
    "conclusion": "The z>8 dust-\u0393t correlation is replicated across 3 independent JWST surveys with combined \u03c1 = 0.63 (N = 1283). Heterogeneity is low heterogeneity, indicating consistent effect sizes across surveys."
  }
}