id,z,log_Mstar,log_Mh,t_cosmic_Gyr,gamma_t,t_eff_Gyr,SFE_obs,SFE_true,SFE_excess,SFE_excess_corrected,pct_anomaly_resolved
S1-Xiao,5.85,11.15,13.15,0.9599391066336307,12.979372964252084,12.459407687968845,0.5,0.08311748732387342,2.5,0.4155874366193671,100.0
S2-Xiao,5.3,10.95,12.95,1.0882178214208644,7.54960784999991,8.215617807108758,0.5,0.12145710599400443,2.5,0.6072855299700222,100.0
S3-Xiao,5.55,10.8,12.8,1.0265842594734922,7.528591337295268,7.72873336287581,0.5,0.12169434507204893,2.5,0.6084717253602446,100.0
