{
  "step": "157",
  "name": "cosmos2025_ssfr_inversion",
  "status": "SUCCESS",
  "description": "COSMOS2025 sSFR inversion \u2014 Table B4b",
  "ssfr_bins": [
    {
      "label": "z=4-7 (low-z)",
      "z_lo": 4.0,
      "z_hi": 7.0,
      "n": 42361,
      "raw_rho": -0.3194572726780448,
      "raw_p": 1e-300,
      "partial_rho": 0.045057631526178775,
      "partial_p": 1.7252033531439558e-20,
      "ci_lo": 0.037141440206566,
      "ci_hi": 0.05249515601240276,
      "partial_rho_debiased_mass": 0.045154944331751073,
      "partial_p_debiased_mass": 1.428927875973587e-20,
      "ci_lo_debiased_mass": 0.03724259722154939,
      "ci_hi_debiased_mass": 0.05261008973609096,
      "weighted_partial_rho_debiased_mass": 0.05275883691601923,
      "weighted_partial_p_debiased_mass": 1.5828544153693525e-20,
      "weighted_partial_n_eff": 30932.971646669906,
      "reference_mass_reweighted_partial_rho_debiased_mass": null,
      "reference_mass_reweighted_partial_p_debiased_mass": null,
      "reference_mass_reweighted_n_eff": null,
      "reference_mass_reweight_source": null,
      "median_sigma_log_mstar": 0.18271499999999996,
      "median_sigma_z_rel": 0.06109828931837001,
      "median_quality_weight": 10.307120209267008
    },
    {
      "label": "z=7-8",
      "z_lo": 7.0,
      "z_hi": 8.0,
      "n": 4590,
      "raw_rho": -0.6854247203275684,
      "raw_p": 1e-300,
      "partial_rho": -0.033008878852538795,
      "partial_p": 0.025329731264587423,
      "ci_lo": -0.05918138879156848,
      "ci_hi": -0.005327972716926572,
      "partial_rho_debiased_mass": -0.040915068919761065,
      "partial_p_debiased_mass": 0.005564753403309774,
      "ci_lo_debiased_mass": -0.07225748362682953,
      "ci_hi_debiased_mass": -0.01103623231352439,
      "weighted_partial_rho_debiased_mass": -0.07099556252090856,
      "weighted_partial_p_debiased_mass": 2.696737310464481e-05,
      "weighted_partial_n_eff": 3487.1103427951643,
      "reference_mass_reweighted_partial_rho_debiased_mass": null,
      "reference_mass_reweighted_partial_p_debiased_mass": null,
      "reference_mass_reweighted_n_eff": null,
      "reference_mass_reweight_source": null,
      "median_sigma_log_mstar": 0.22805500000000034,
      "median_sigma_z_rel": 0.08117116916057773,
      "median_quality_weight": 8.243750326743964
    },
    {
      "label": "z=8-9",
      "z_lo": 8.0,
      "z_hi": 9.0,
      "n": 1121,
      "raw_rho": -0.5001226295941172,
      "raw_p": 5.422960008225922e-72,
      "partial_rho": 0.06916113693870038,
      "partial_p": 0.02056933591604272,
      "ci_lo": -0.0005553406236193784,
      "ci_hi": 0.12061496255802653,
      "partial_rho_debiased_mass": 0.057755455254907634,
      "partial_p_debiased_mass": 0.05321324179318309,
      "ci_lo_debiased_mass": -0.012811874665035009,
      "ci_hi_debiased_mass": 0.11826024293410117,
      "weighted_partial_rho_debiased_mass": 0.06756711631043641,
      "weighted_partial_p_debiased_mass": 0.050940166630233714,
      "weighted_partial_n_eff": 835.064682744647,
      "reference_mass_reweighted_partial_rho_debiased_mass": null,
      "reference_mass_reweighted_partial_p_debiased_mass": null,
      "reference_mass_reweighted_n_eff": null,
      "reference_mass_reweight_source": null,
      "median_sigma_log_mstar": 0.22172999999999998,
      "median_sigma_z_rel": 0.10061042554125861,
      "median_quality_weight": 7.906021315083524
    },
    {
      "label": "z=9-13 (high-z)",
      "z_lo": 9.0,
      "z_hi": 13.0,
      "n": 1467,
      "raw_rho": -0.71849061892245,
      "raw_p": 2.8911899811018034e-233,
      "partial_rho": -0.08799424751347389,
      "partial_p": 0.0007408988501527525,
      "ci_lo": -0.1431067141589369,
      "ci_hi": -0.04436961518371906,
      "partial_rho_debiased_mass": -0.08850318332857954,
      "partial_p_debiased_mass": 0.000689878165496865,
      "ci_lo_debiased_mass": -0.14421753659635078,
      "ci_hi_debiased_mass": -0.04471672769603355,
      "weighted_partial_rho_debiased_mass": -0.06785069752826652,
      "weighted_partial_p_debiased_mass": 0.032003427613923115,
      "weighted_partial_n_eff": 998.7592390155423,
      "reference_mass_reweighted_partial_rho_debiased_mass": -0.0472954875883534,
      "reference_mass_reweighted_partial_p_debiased_mass": 0.127090562625927,
      "reference_mass_reweighted_n_eff": 1042.0512635417754,
      "reference_mass_reweight_source": "z=8-9 log_Mstar distribution",
      "median_sigma_log_mstar": 0.2159999999999993,
      "median_sigma_z_rel": 0.3617318712696555,
      "median_quality_weight": 4.24002750826429
    }
  ],
  "beta_debias_used": 0.3142781341571038,
  "beta_debias_source": "step_117_object_level_bootstrap",
  "comparison_test": "independent_sample_fisher_z_difference",
  "steiger_Z": -5.014836614949373,
  "steiger_p": 5.30785503500909e-07,
  "rho_lowz": 0.045057631526178775,
  "rho_highz": -0.08799424751347389,
  "delta_rho": -0.13305187903965265,
  "rho_lowz_debiased": 0.045154944331751073,
  "rho_highz_debiased": -0.08850318332857954,
  "delta_rho_debiased": -0.1336581276603306,
  "activation_scan": [
    {
      "label": "z=4-7 (low-z)",
      "n": 42361,
      "partial_rho": 0.045057631526178775,
      "partial_rho_debiased_mass": 0.045154944331751073,
      "weighted_partial_rho_debiased_mass": 0.05275883691601923,
      "reference_mass_reweighted_partial_rho_debiased_mass": null,
      "sign_supportive_after_debias": true
    },
    {
      "label": "z=7-8",
      "n": 4590,
      "partial_rho": -0.033008878852538795,
      "partial_rho_debiased_mass": -0.040915068919761065,
      "weighted_partial_rho_debiased_mass": -0.07099556252090856,
      "reference_mass_reweighted_partial_rho_debiased_mass": null,
      "sign_supportive_after_debias": false
    },
    {
      "label": "z=8-9",
      "n": 1121,
      "partial_rho": 0.06916113693870038,
      "partial_rho_debiased_mass": 0.057755455254907634,
      "weighted_partial_rho_debiased_mass": 0.06756711631043641,
      "reference_mass_reweighted_partial_rho_debiased_mass": null,
      "sign_supportive_after_debias": true
    },
    {
      "label": "z=9-13 (high-z)",
      "n": 1467,
      "partial_rho": -0.08799424751347389,
      "partial_rho_debiased_mass": -0.08850318332857954,
      "weighted_partial_rho_debiased_mass": -0.06785069752826652,
      "reference_mass_reweighted_partial_rho_debiased_mass": -0.0472954875883534,
      "sign_supportive_after_debias": false
    }
  ],
  "selection_sensitivity": {
    "reference_mass_reweight_note": "z>=9 bins are additionally reweighted to the z=8-9 stellar-mass distribution as a selection/completeness sensitivity test; these are companion diagnostics, not the primary headline.",
    "z=9-10": {
      "label": "z=9-10",
      "z_lo": 9.0,
      "z_hi": 10.0,
      "n": 959,
      "raw_rho": -0.6745504831404197,
      "raw_p": 2.7576753730502326e-128,
      "partial_rho": -0.08905260140508711,
      "partial_p": 0.0057864346306542745,
      "ci_lo": -0.1450928226047638,
      "ci_hi": -0.02065148669256901,
      "partial_rho_debiased_mass": -0.0886339076914017,
      "partial_p_debiased_mass": 0.006021324132326864,
      "ci_lo_debiased_mass": -0.1444449411829416,
      "ci_hi_debiased_mass": -0.019318587610184804,
      "weighted_partial_rho_debiased_mass": -0.10086295022140787,
      "weighted_partial_p_debiased_mass": 0.00875609626030825,
      "weighted_partial_n_eff": 673.896696294002,
      "reference_mass_reweighted_partial_rho_debiased_mass": -0.1257972404565972,
      "reference_mass_reweighted_partial_p_debiased_mass": 0.001673174077432666,
      "reference_mass_reweighted_n_eff": 620.5736106556196,
      "reference_mass_reweight_source": "z=8-9 log_Mstar distribution",
      "median_sigma_log_mstar": 0.21848500000000026,
      "median_sigma_z_rel": 0.390560313049396,
      "median_quality_weight": 3.8826757487908927
    },
    "z=10-13": {
      "label": "z=10-13",
      "z_lo": 10.0,
      "z_hi": 13.0,
      "n": 508,