{
  "step": "step_147",
  "name": "Cosmic SFRD Correction",
  "surveys": {
    "UNCOVER": [
      {
        "z_lo": 6,
        "z_hi": 7,
        "z_mid": 6.5,
        "n": 372,
        "volume_Mpc3": 109317.38154306414,
        "sfrd_obs": 0.012614043263168211,
        "sfrd_corr_m05": 0.00952514174453806,
        "sfrd_corr_m07": 0.009152488069034423,
        "sfrd_lcdm_extrapolation": 0.021134890398366465,
        "sfrd_madau_dickinson": 0.01681608696324755,
        "log_sfrd_obs": -1.8991456838133662,
        "log_sfrd_corr": -2.0211285528268643,
        "log_sfrd_corr_m07": -2.0384608285820107,
        "log_sfrd_lcdm": -1.675,
        "excess_factor_obs": 0.5968350450562622,
        "excess_factor_corr": 0.45068328082147363,
        "sfrd_reduction_pct": 24.48779867157619,
        "mean_gamma_t": 0.8248243265264709,
        "mean_sfr_correction": 0.8648343778568034
      },
      {
        "z_lo": 7,
        "z_hi": 8,
        "z_mid": 7.5,
        "n": 221,
        "volume_Mpc3": 98190.83422864426,
        "sfrd_obs": 0.008531247342201991,
        "sfrd_corr_m05": 0.005897525826738488,
        "sfrd_corr_m07": 0.005556738349479065,
        "sfrd_lcdm_extrapolation": 0.009440608762859235,
        "sfrd_madau_dickinson": 0.011726093249474445,
        "log_sfrd_obs": -2.0689874665778683,
        "log_sfrd_corr": -2.2293301485542023,
        "log_sfrd_corr_m07": -2.2551800523873253,
        "log_sfrd_lcdm": -2.025,
        "excess_factor_obs": 0.9036755527636302,
        "excess_factor_corr": 0.6246976201302012,
        "sfrd_reduction_pct": 30.871470604716002,
        "mean_gamma_t": 0.931990458024173,
        "mean_sfr_correction": 0.8898206365487162
      },
      {
        "z_lo": 8,
        "z_hi": 9,
        "z_mid": 8.5,
        "n": 179,
        "volume_Mpc3": 88664.14015032409,
        "sfrd_obs": 0.024897093294223738,
        "sfrd_corr_m05": 0.007242978275603199,
        "sfrd_corr_m07": 0.005646263211792829,
        "sfrd_lcdm_extrapolation": 0.004216965034285823,
        "sfrd_madau_dickinson": 0.008502704242699735,
        "log_sfrd_obs": -1.603851353304511,
        "log_sfrd_corr": -2.140082817408673,
        "log_sfrd_corr_m07": -2.248238880215892,
        "log_sfrd_lcdm": -2.375,
        "excess_factor_obs": 5.9040312385327285,
        "excess_factor_corr": 1.717580823344402,
        "sfrd_reduction_pct": 70.90833781273732,
        "mean_gamma_t": 1.959194607143234,
        "mean_sfr_correction": 1.051589978626808
      },
      {
        "z_lo": 9,
        "z_hi": 10,
        "z_mid": 9.5,
        "n": 104,
        "volume_Mpc3": 80503.5857569254,
        "sfrd_obs": 0.015701758119773392,
        "sfrd_corr_m05": 0.0034390397901849223,
        "sfrd_corr_m07": 0.002761100376421039,
        "sfrd_lcdm_extrapolation": 0.0018836490894898021,
        "sfrd_madau_dickinson": 0.0063642712653969626,
        "log_sfrd_obs": -1.8040517170832644,
        "log_sfrd_corr": -2.463562799299308,
        "log_sfrd_corr_m07": -2.558917804829995,
        "log_sfrd_lcdm": -2.7249999999999996,
        "excess_factor_obs": 8.335819132865298,
        "excess_factor_corr": 1.8257327277005757,
        "sfrd_reduction_pct": 78.09774062272618,
        "mean_gamma_t": 7.028246858941331,
        "mean_sfr_correction": 1.6175703746449792
      }
    ],
    "CEERS": [
      {
        "z_lo": 6,
        "z_hi": 7,
        "z_mid": 6.5,
        "n": 1835,
        "volume_Mpc3": 242927.5145401426,
        "sfrd_obs": 0.1497841808601926,
        "sfrd_corr_m05": 0.04691049643930238,
        "sfrd_corr_m07": 0.03858760664668731,
        "sfrd_lcdm_extrapolation": 0.021134890398366465,
        "sfrd_madau_dickinson": 0.01681608696324755,
        "log_sfrd_obs": -0.8245340513088022,
        "log_sfrd_corr": -1.3287299710240887,
        "log_sfrd_corr_m07": -1.4135521572246832,
        "log_sfrd_lcdm": -1.675,
        "excess_factor_obs": 7.0870573746514225,
        "excess_factor_corr": 2.2195760448763973,
        "sfrd_reduction_pct": 68.6812745044897,
        "mean_gamma_t": 0.8245589039319113,
        "mean_sfr_correction": 0.6346169342915183
      },
      {
        "z_lo": 7,
        "z_hi": 8,
        "z_mid": 7.5,
        "n": 554,
        "volume_Mpc3": 218201.8538414319,
        "sfrd_obs": 0.042609034075141966,
        "sfrd_corr_m05": 0.01574196509362501,
        "sfrd_corr_m07": 0.01309823322791638,
        "sfrd_lcdm_extrapolation": 0.009440608762859235,
        "sfrd_madau_dickinson": 0.011726093249474445,
        "log_sfrd_obs": -1.3704983109201903,
        "log_sfrd_corr": -1.8029410549472145,
        "log_sfrd_corr_m07": -1.88278728076511,
        "log_sfrd_lcdm": -2.025,
        "excess_factor_obs": 4.5133778070300155,
        "excess_factor_corr": 1.667473516703314,
        "sfrd_reduction_pct": 63.054865158727345,
        "mean_gamma_t": 1.1179703756733295,
        "mean_sfr_correction": 0.7429471179457116
      },
      {
        "z_lo": 8,
        "z_hi": 9,
        "z_mid": 8.5,
        "n": 382,
        "volume_Mpc3": 197031.4225562755,
        "sfrd_obs": 0.013482906925238071,
        "sfrd_corr_m05": 0.005926233301167285,
        "sfrd_corr_m07": 0.005496515029384471,
        "sfrd_lcdm_extrapolation": 0.004216965034285823,
        "sfrd_madau_dickinson": 0.008502704242699735,
        "log_sfrd_obs": -1.8702164634767697,
        "log_sfrd_corr": -2.2272212554183772,
        "log_sfrd_corr_m07": -2.2599125801806568,
        "log_sfrd_lcdm": -2.375,
        "excess_factor_obs": 3.1973010958392996,
        "excess_factor_corr": 1.4053313824004567,
        "sfrd_reduction_pct": 56.046323437312886,
        "mean_gamma_t": 0.8550290280744806,
        "mean_sfr_correction": 0.5364162367481967
      },
      {
        "z_lo": 9,
        "z_hi": 10,
        "z_mid": 9.5,
        "n": 236,
        "volume_Mpc3": 178896.85723761236,
        "sfrd_obs": 0.02078518178664752,
        "sfrd_corr_m05": 0.00433344260276017,
        "sfrd_corr_m07": 0.0032893727923584545,
        "sfrd_lcdm_extrapolation": 0.0018836490894898021,
        "sfrd_madau_dickinson": 0.0063642712653969626,
        "log_sfrd_obs": -1.6822461728131592,
        "log_sfrd_corr": -2.3631669513718694,
        "log_sfrd_corr_m07": -2.482886904112518,
        "log_sfrd_lcdm": -2.7249999999999996,
        "excess_factor_obs": 11.034529681044422,
        "excess_factor_corr": 2.3005572677732182,
        "sfrd_reduction_pct": 79.15128841671239,
        "mean_gamma_t": 7.9688666941788675,
        "mean_sfr_correction": 0.8796888141545262
      },
      {
        "z_lo": 10,
        "z_hi": 12,
        "z_mid": 11.0,
        "n": 269,
        "volume_Mpc3": 313094.72315809503,
        "sfrd_obs": 0.010613820284067748,
        "sfrd_corr_m05": 0.0023565237391532435,
        "sfrd_corr_m07": 0.002313491808483829,
        "sfrd_lcdm_extrapolation": 0.0005623413251903491,
        "sfrd_madau_dickinson": 0.0043225674119272365,
        "log_sfrd_obs": -1.9741282702301364,
        "log_sfrd_corr": -2.6277281808857462,
        "log_sfrd_corr_m07": -2.6357320338933126,
        "log_sfrd_lcdm": -3.25,
        "excess_factor_obs": 18.874338073011145,
        "excess_factor_corr": 4.190557644604146,
        "sfrd_reduction_pct": 77.79759147900226,
        "mean_gamma_t": 1425.4947215467155,
        "mean_sfr_correction": 6.492456887503301
      }
    ]
  },
  "combined": [
    {
      "z_lo": 6,
      "z_hi": 7,
      "z_mid": 6.5,
      "n": 2207,
      "log_sfrd_obs": -0.9697479411451384,
      "log_sfrd_corr": -1.4521250987810161,
      "log_sfrd_corr_m07": -1.5308768054079354,
      "log_sfrd_lcdm": -1.675,
      "log_sfrd_md14": -1.7742750553857138,
      "excess_factor_obs": 5.072850444777064,
      "excess_factor_corr": 1.6706093249972833,
      "sfrd_reduction_pct": 67.0676409016292
    },
    {
      "z_lo": 7,
      "z_hi": 8,
      "z_mid": 7.5,
      "n": 775,
      "log_sfrd_obs": -1.4944000919417322,
      "log_sfrd_corr": -1.8966481020576609,
      "log_sfrd_corr_m07": -1.9682777733797703,