{
  "test": "Thread 4: \u0393_t vs Dust",
  "n": 1108,
  "raw_rho": 0.2963386267314608,
  "raw_p": 6.755190101338364e-24,
  "partial_rho": 0.32679299230787867,
  "partial_p": 5.480455424318636e-29,
  "ci_95": [
    0.2637508394304225,
    0.38046259116473136
  ],
  "partial_rho_double": 0.05407061962695971,
  "partial_p_double": 0.07200071524477553,
  "ci_95_double": [
    -0.014374771231933836,
    0.11979799546468099
  ],
  "significant": true,
  "significant_double": false,
  "interpretation": "Enhanced time \u2192 more dust processing"
}