{
  "cosmic_age_limit": {
    "n_near_limit": 50,
    "n_far_from_limit": 2265,
    "mean_gamma_near": 3.8570997013958537,
    "mean_gamma_far": 0.6492488254736949,
    "p_value": 4.176660939290202e-11,
    "tep_smooths": true
  },
  "scatter_reduction": {
    "scatter_raw": 0.07999622183379687,
    "scatter_corrected": 0.13877087945896885,
    "scatter_reduction_pct": -73.47179188947747,
    "r2_raw": 0.0464143151836529,
    "r2_corrected": 0.37622607082370657,
    "tep_smooths": false
  },
  "downsizing_transition": {
    "z_centers": [
      8.0,
      10.0
    ],
    "correlations": [
      0.18540959630997694,
      -0.24407340232582952
    ],
    "mean_gammas": [
      0.6936648812806605,
      3.125166911141697
    ],
    "rho_trend": -0.9999999999999999,
    "p_trend": 1.0,
    "tep_smooths": false
  },
  "mass_function": {
    "mean_mass_raw": 8.463302797243529,
    "mean_mass_corrected": 8.332212790019458,
    "mass_shift": 0.1310900072240706,
    "n_above_threshold_raw": 2315,
    "n_above_threshold_corr": 2315,
    "tep_smooths": true
  },
  "coherence_structure": {
    "rho_raw": 0.1349627356030388,
    "rho_partial": 0.12515504090146007,
    "delta_rho": 0.009807694701578745,
    "explained_fraction": 0.07266964957220323,
    "tep_smooths": true
  }
}