{
  "n_total": 2315,
  "tests": {
    "z_uncertainty": {
      "n": 2315,
      "rho": -0.3481758561164181,
      "p": 5.8937817689712896e-67,
      "strong": false
    },
    "mass_uncertainty": {
      "n": 2315,
      "rho": -0.4349000109422374,
      "p": 1.89560942507173e-107,
      "strong": false
    },
    "age_uncertainty": {
      "n": 2315,
      "rho": -0.44100499105494106,
      "p": 8.881637117845198e-111,
      "strong": false
    },
    "chi2_highz": {
      "n": 504,
      "rho": 0.1299660781187463,
      "p": 0.003467959916204647,
      "strong": true
    },
    "triple_correlation": {
      "n": 2315,
      "rho": 0.2092799559421163,
      "p": 2.5158765961442716e-24,
      "strong": true
    }
  },
  "summary": {
    "n_strong_evidence": 2,
    "strong_evidence": [
      {
        "name": "chi2_highz",
        "stat": 0.1299660781187463,
        "p": 0.003467959916204647
      },
      {
        "name": "triple_correlation",
        "stat": 0.2092799559421163,
        "p": 2.5158765961442716e-24
      }
    ]
  }
}