{
  "n_total": 2315,
  "out_of_box": {
    "reverse_causality": [
      {
        "dust_range": "0-0.3",
        "n": 58,
        "rho": 0.2841982220308223,
        "p": 0.030612683365701488
      },
      {
        "dust_range": "0.3-0.6",
        "n": 36,
        "rho": 0.4947232947232947,
        "p": 0.002160358069573196
      },
      {
        "dust_range": "0.6-1.0",
        "n": 115,
        "rho": 0.4407480470291171,
        "p": 8.23806625830983e-07
      },
      {
        "dust_range": "1.0-3.0",
        "n": 70,
        "rho": 0.7706587350188085,
        "p": 6.110279077303243e-15
      }
    ],
    "partial_correlation": {
      "rho_raw": 0.4712708247076625,
      "rho_partial": 0.20000296493644976,
      "p_partial": 0.0007145539649614273
    },
    "prediction_inversion": {
      "r2_observables": 0.13479793060509151,
      "r2_with_mass": 0.6920944328711732,
      "improvement": 0.5572965022660817
    },
    "bootstrap": {
      "mean": 0.4702661595074745,
      "std": 0.05113023520072135,
      "ci_low": 0.3687238441427403,
      "ci_high": 0.565323253759881
    },
    "extreme_outliers": {
      "n_extreme": 30,
      "mean_gamma_extreme": 0.9302999314576588,
      "mean_gamma_normal": 0.5477336669629388
    },
    "information_gain": {
      "r2_mass": 0.46252250389271865,
      "r2_gamma": 0.16367137029911127,
      "r2_both": 0.46304256359997387,
      "gain": 0.000520059707255216
    },
    "z_derivative": {
      "slope": 0.18458905645121987,
      "r_squared": 0.6696023420846302
    }
  },
  "summary": {
    "tests_passed": 5,
    "tests_total": 8
  }
}