{
  "sigma8_lcdm": 0.811,
  "sigma8_tep": 3.397274553606928,
  "enhancement_z0": 4.188994517394486,
  "enhancement_z10": 1.9509302631527108,
  "beta_unscreened": 0.58,
  "geff_ratio_unscreened": 1.6728,
  "sigma8_sigma_planck18": 0.006,
  "beta_eff_max_2sigma": 0.055494334593754795,
  "geff_ratio_max_2sigma": 1.006159242344007,
  "suppression_factor_beta_2sigma": 0.09567988723061172
}