{
  "mirror": {
    "rho_uncover": 0.04789577527211646,
    "rho_jades": 0.8727631237144158,
    "same_sign": true,
    "mirror": true
  },
  "symmetry": {
    "ratio_observed": 1.082340792012872,
    "ratio_predicted": 3.3164586499834736,
    "agreement_pct": 32.63543756284329,
    "symmetric": false
  },
  "chain": {
    "chain": [
      [
        "Mass \u2192 \u0393_t",
        0.8643408446267788,
        0.0
      ],
      [
        "\u0393_t \u2192 t_eff",
        0.9161255798198489,
        0.0
      ],
      [
        "t_eff \u2192 age_ratio",
        0.02136554768741237,
        0.3041598663257408
      ],
      [
        "age_ratio \u2192 anomaly",
        0.2517843763338405,
        8.335044863356764e-35
      ]
    ],
    "unbroken": false,
    "full_chain_rho": 0.16452580501065664,
    "full_chain_p": 1.6371426315929807e-15
  },
  "ratio": {
    "mean_ratio": 0.7185328616707178,
    "predicted_ratio": 0.7185328616707178,
    "cosmic": false
  },
  "combined": {
    "r2": 0.021215779069772105,
    "random_residuals": false,
    "evidence_score": 2,
    "combined_pass": false
  }
}