{
  "n_total": 2315,
  "adversarial": {
    "random_gamma": {
      "rho_real": 0.6029791257884878,
      "rho_random_mean": 0.0004579524360659106,
      "rho_random_std": 0.062222380334283844,
      "z_score": 9.683351394071295,
      "n_exceed": 0
    },
    "wrong_sign": {
      "rho_positive_alpha": 0.6029791257884878,
      "rho_negative_alpha": -0.6029791257884878
    },
    "shuffled_z": {
      "rho_real_z": 0.6029791257884878,
      "rho_shuffled_z": 0.5464769672088617
    },
    "pure_mass": {
      "rho_gamma": 0.6029791257884878,
      "rho_mstar": 0.5594522703471411,
      "rho_mh": 0.5754438668701177
    },
    "z_confounding": [
      {
        "z_range": "8-8.5",
        "n": 107,
        "rho": 0.30559963949136937,
        "p": 0.0013697141403751106
      },
      {
        "z_range": "8.5-9",
        "n": 72,
        "rho": 0.5312238729178725,
        "p": 1.5794319638587553e-06
      },
      {
        "z_range": "9-10",
        "n": 104,
        "rho": 0.742377040435293,
        "p": 1.9101812383711194e-19
      }
    ],
    "magnitude_bias": {
      "rho_bright": 0.47258444282717577,
      "rho_faint": 0.43129690207904176
    }
  },
  "summary": {
    "tests_passed": 6,
    "tests_total": 7
  }
}