{
  "identification": {
    "n_gt_0.3": 50,
    "frac_gt_0.3": 2.159827213822894,
    "n_gt_0.5": 9,
    "frac_gt_0.5": 0.38876889848812096,
    "n_gt_0.7": 1,
    "frac_gt_0.7": 0.04319654427645788,
    "n_gt_0.9": 1,
    "frac_gt_0.9": 0.04319654427645788,
    "n_impossible": 9,
    "n_normal": 2306
  },
  "correlation": {
    "spearman_rho": -0.006035944296748368,
    "spearman_p": 0.7716158733152128,
    "pearson_r": 0.07807757218568719,
    "pearson_p": 0.000169661141610343,
    "slope": 0.03658177590969333,
    "slope_err": 0.009712317336005367,
    "intercept": 0.1384152294290279,
    "tep_consistent": false
  },
  "resolution": {
    "n_impossible_raw": 9,
    "n_resolved": 1,
    "n_still_impossible": 8,
    "reduction_pct": 11.11111111111111,
    "mean_age_ratio_raw": 0.6415049439240004,
    "mean_age_ratio_corrected": 0.7887755971856744
  }
}