{
  "sigma8_lcdm": 0.811,
  "sigma8_tep": 31.213749802931474,
  "enhancement_z0": 38.487977562184305,
  "enhancement_z10": 5.665154654546233,
  "beta_unscreened": 1.0,
  "geff_ratio_unscreened": 3.0,
  "sigma8_sigma_planck18": 0.006,
  "beta_eff_max_2sigma": 0.05549433459375679,
  "geff_ratio_max_2sigma": 1.0061592423440076,
  "suppression_factor_beta_2sigma": 0.05549433459375679
}