{
  "test": "Thread 2: \u0393_t vs Age Ratio",
  "n": 2315,
  "raw_rho": 0.019377853966021305,
  "raw_p": 0.35136822260136824,
  "partial_rho": 0.07229474213217335,
  "partial_p": 0.0004993618150221883,
  "ci_95": [
    0.02426834077873719,
    0.11631712125628725
  ],
  "partial_rho_double": -0.07442210709326635,
  "partial_p_double": 0.0003386117430860236,
  "ci_95_double": [
    -0.11897427191270338,
    -0.030097982377421627
  ],
  "significant": true,
  "significant_double": true,
  "interpretation": "Enhanced time \u2192 older appearance"
}