{
  "total_spec": 34,
  "full_sample": {
    "sample_name": "Full Sample (z > 4)",
    "n": 34,
    "rho_gamma_age": 0.8557677616501145,
    "rho_gamma_age_ci": [
      0.6861182498034905,
      0.9292067941469416
    ],
    "p_gamma_age": 1.1231446713461292e-10
  },
  "z8_sample": {
    "sample_name": "z > 8 Sample",
    "n": 21,
    "rho_gamma_age": 0.8883116883116883,
    "rho_gamma_age_ci": [
      0.7030321927842912,
      0.9685663296269247
    ],
    "p_gamma_age": 7.615212819509368e-08
  },
  "redshift_bins": [
    {
      "z_lo": 6,
      "z_hi": 8,
      "n": 13,
      "rho": 0.9395604395604396,
      "p": 1.8782484299388895e-06
    },
    {
      "z_lo": 8,
      "z_hi": 12,
      "n": 21,
      "rho": 0.8883116883116883,
      "p": 7.615212819509368e-08
    }
  ],
  "validation_status": "confirmed"
}