{
  "pressure": {
    "threshold": 0.6849981728279452,
    "n_extreme": 116,
    "normalized": false
  },
  "stratification": {
    "means": {
      "Q1": {
        "age_ratio": 0.16799742005049317,
        "z": 7.937217628432034,
        "log_Mstar": 8.304564611099998
      },
      "Q2": {
        "age_ratio": 0.14795935712643665,
        "z": 5.954082660706792,
        "log_Mstar": 8.35066641060883
      },
      "Q3": {
        "age_ratio": 0.152366947663683,
        "z": 4.788068451592161,
        "log_Mstar": 8.331371228836112
      },
      "Q4": {
        "age_ratio": 0.1764058066178562,
        "z": 4.621804616217274,
        "log_Mstar": 8.866381077343839
      }
    },
    "rho": 0.39999999999999997,
    "spectrum": false
  },
  "robustness": {
    "cv": 0.13551913089053003,
    "hard": false
  },
  "residuals": {
    "rho_resid": -0.2194228464571008,
    "no_residuals": false
  },
  "multi_angle": {
    "angles": [
      [
        "UNCOVER age_ratio",
        -0.006035944296748368,
        0.7716158733152128
      ],
      [
        "UNCOVER t_eff",
        0.9205114428593865,
        0.0
      ],
      [
        "JADES age_ratio",
        0.7073020370044381,
        2.9699030143480994e-65
      ],
      [
        "JADES age_excess",
        -0.6668064419096342,
        1.3395285145130893e-55
      ]
    ],
    "multi_angle_pass": true
  }
}