{
  "step": 89,
  "name": "BBN Compatibility Analysis",
  "timestamp": "2026-04-29T10:02:30.947668",
  "parameters": {
    "KAPPA_GAL": 960000.0,
    "H0": 67.4,
    "Omega_r": 9.24e-05,
    "Omega_m": 0.315,
    "T_BBN_start_MeV": 1.0,
    "T_BBN_end_MeV": 0.01
  },
  "expansion_deviation": {
    "z_range": [
      42587034.590254165,
      4258703459.025417
    ],
    "max_deviation": 1.129967880483814e-16,
    "mean_deviation": 1.129967880483814e-19,
    "rms_deviation": 3.573272185161778e-18,
    "deviation_at_freeze_out": 0.0
  },
  "helium_4": {
    "Y_p_standard": 0.247,
    "Y_p_tep": 0.247,
    "delta_Y_p": 1.1164082659180082e-20,
    "fractional_shift": 4.519871521935256e-20
  },
  "deuterium": {
    "DH_standard": 2.5e-05,
    "DH_tep": 2.5e-05,
    "delta_DH": -4.5198715219352565e-24,
    "fractional_shift": -1.8079486087741026e-19
  },
  "summary": {
    "max_yield_shift_percent": 1.8079486087741027e-17,
    "within_1_percent": true,
    "mechanism": "Scalar field frozen during radiation domination (T^\u03bc_\u03bc = 0)",
    "conclusion": "TEP preserves BBN yields within 1%"
  }
}