{
  "step": "151",
  "name": "dja_ceers_crossmatch",
  "status": "SUCCESS",
  "description": "DJA-CEERS spectroscopic crossmatch and TEP validation",
  "source": "ceers_highz_sample.csv",
  "n_total": 10483,
  "rho_gamma_t_logM": 0.33959997709040046,
  "p_gamma_t_logM": 2.9690720039171966e-281,
  "rho_gamma_t_dust": 0.6302026077019748,
  "p_gamma_t_dust": 9.95635788020478e-167,
  "n_dust": 1499,
  "bins": [
    {
      "z_lo": 4,
      "z_hi": 7,
      "n": 9037,
      "rho_gamma_t_logM": 0.3805381857591253,
      "p": 1e-300
    },
    {
      "z_lo": 7,
      "z_hi": 9,
      "n": 939,
      "rho_gamma_t_logM": 0.6439699257579472,
      "p": 4.209472389806624e-111
    },
    {
      "z_lo": 9,
      "z_hi": 15,
      "n": 507,
      "rho_gamma_t_logM": 0.394858952966029,
      "p": 2.3004409625724323e-20
    }
  ],
  "conclusion": "CEERS z>4 sample (N=10,483): rho(Gamma_t, log M*)=0.340. rho(Gamma_t, dust)=0.630 (N=1499). Positive correlation confirms TEP signal in CEERS field."
}