{
  "alpha_0": 0.58,
  "alpha_uncertainty": 0.16,
  "log_Mh_ref": 12.0,
  "z_ref": 5.5,
  "gamma_t_stats_full": {
    "min": 0.09889473120466503,
    "max": 135.14167000853067,
    "median": 0.45450234386490046,
    "n_gt_1": 202,
    "n_gt_1p5": 75
  },
  "gamma_t_stats_multi": {
    "min": 0.09974566237979365,
    "max": 135.14167000853067,
    "median": 0.5323782802833196
  }
}