{
  "step": "005",
  "name": "thread2_4_partial_correlations",
  "thread2_gamma_age": {
    "test": "Thread 2: \u0393_t vs Age Ratio",
    "n": 2315,
    "raw_rho": -0.006035944296748368,
    "raw_p": 0.7716158733152128,
    "partial_rho": 0.0888111567564881,
    "partial_p": 1.8752440464814808e-05,
    "ci_95": [
      0.036753567558913555,
      0.14045189223892135
    ],
    "partial_rho_double": 0.005655432256096388,
    "partial_p_double": 0.7856503102499947,
    "ci_95_double": [
      -0.045017639321153304,
      0.05714122366531681
    ],
    "significant": true,
    "significant_double": false,
    "interpretation": "Enhanced time \u2192 older appearance"
  },
  "thread3_gamma_metallicity": {
    "test": "Thread 3: \u0393_t vs Metallicity",
    "n": 1108,
    "raw_rho": 0.26902588899714247,
    "raw_p": 7.984800956972143e-20,
    "partial_rho": 0.15856775686967267,
    "partial_p": 1.121603899599632e-07,
    "ci_95": [
      0.0904466653363608,
      0.2289402444337621
    ],
    "partial_rho_double": 0.021591377791882957,
    "partial_p_double": 0.47277162199571854,
    "ci_95_double": [
      -0.04871165870424519,
      0.0979362868797197
    ],
    "significant": true,
    "significant_double": false,
    "interpretation": "Enhanced time \u2192 more enrichment"
  },
  "thread4_gamma_dust": {
    "test": "Thread 4: \u0393_t vs Dust",
    "n": 1108,
    "raw_rho": 0.2116301857565652,
    "raw_p": 1.1008664763423664e-12,
    "partial_rho": 0.31848044532977515,
    "partial_p": 1.5407772480270278e-27,
    "ci_95": [
      0.26009508849206914,
      0.3712639523339773
    ],
    "partial_rho_double": 0.09691743401577572,
    "partial_p_double": 0.0012378151527462826,
    "ci_95_double": [
      0.029054705522114716,
      0.15748908830143563
    ],
    "significant": true,
    "significant_double": true,
    "interpretation": "Enhanced time \u2192 more dust processing"
  }
}