{
  "step": "158",
  "name": "dja_balmer_decrement",
  "status": "SUCCESS",
  "description": "DJA NIRSpec Ha/Hb Balmer decrement \u2014 Table B5",
  "catalog_used": "DJA NIRSpec v4.4 (dja_msaexp_emission_lines_v4.4.csv.gz)",
  "predictor_used": "gamma_t",
  "reproducible_dja_available": true,
  "manuscript_table_reproduced": true,
  "n_total_z2": 3259,
  "rho_full": 0.47448918599232603,
  "p_full": 1.1718589707148168e-182,
  "partial_rho_full": 0.12297637389436425,
  "partial_p_full": 1.861391255574771e-12,
  "redshift_bins": [
    {
      "label": "z=2-4",
      "z_lo": 2.0,
      "z_hi": 4.0,
      "n": 1603,
      "rho": 0.5897962074470414,
      "p": 8.10104584345904e-151,
      "median_ratio": 3.518479127859511,
      "partial_rho": 0.1630325836222781,
      "partial_p": 5.158075308581452e-11,
      "ci_lo": 0.5524519104329311,
      "ci_hi": 0.6223349094576087
    },
    {
      "label": "z=4-5",
      "z_lo": 4.0,
      "z_hi": 5.0,
      "n": 712,
      "rho": 0.44052402939523355,
      "p": 3.6887706031088186e-35,
      "median_ratio": 3.0800160491571997,
      "partial_rho": 0.06995086667066518,
      "partial_p": 0.06210743441197393,
      "ci_lo": 0.38746391824182314,
      "ci_hi": 0.5110597829968792
    },
    {
      "label": "z=5-6",
      "z_lo": 5.0,
      "z_hi": 6.0,
      "n": 584,
      "rho": 0.3346877125631325,
      "p": 9.437551354846909e-17,
      "median_ratio": 3.030440088076279,
      "partial_rho": 0.0295468590506236,
      "partial_p": 0.4760574828466084,
      "ci_lo": 0.2443845228225514,
      "ci_hi": 0.4141140270971641
    },
    {
      "label": "z=6-7",
      "z_lo": 6.0,
      "z_hi": 7.0,
      "n": 286,
      "rho": 0.42204701588527,
      "p": 8.816776094756685e-14,
      "median_ratio": 3.2740213257538135,
      "partial_rho": 0.11243386286874026,
      "partial_p": 0.05754766296295043,
      "ci_lo": 0.33069274715223945,
      "ci_hi": 0.5143127409158746
    }
  ],
  "note": null,
  "caveat": "Ha flux uses Blnd_HBaA_N2 (Halpha+[NII] blend). [NII] contamination significant at z<6; interpret cautiously. JADES DR4 catalog (D'Eugenio et al. 2025, msaexp pipeline)."
}