{
  "n_total": 2315,
  "tests": {
    "z_uncertainty": {
      "n": 2315,
      "rho": -0.316884821940744,
      "p": 3.685501467089949e-55,
      "strong": false
    },
    "mass_uncertainty": {
      "n": 2315,
      "rho": -0.4528722686130547,
      "p": 1.8999707545471824e-117,
      "strong": false
    },
    "age_uncertainty": {
      "n": 2315,
      "rho": -0.4163781140436473,
      "p": 9.318396084674275e-98,
      "strong": false
    },
    "chi2_highz": {
      "n": 504,
      "rho": 0.07725809218240769,
      "p": 0.08314477473383318,
      "strong": false
    },
    "triple_correlation": {
      "n": 2315,
      "rho": 0.24864444113777515,
      "p": 5.864196422755159e-34,
      "strong": true
    },
    "t_eff_threshold": {
      "threshold": 0.3,
      "n_above": 2210,
      "n_below": 105,
      "mean_dust_above": 0.4160264120963985,
      "mean_dust_below": 0.6469306889841783,
      "ratio": 0.643077255694347,
      "p": 0.999999996785233
    }
  },
  "summary": {
    "n_strong_evidence": 1,
    "strong_evidence": [
      {
        "name": "triple_correlation",
        "stat": 0.24864444113777515,
        "p": 5.864196422755159e-34
      }
    ]
  }
}