{
  "n_total": 2315,
  "adversarial": {
    "random_gamma": {
      "rho_real": 0.5928581034360436,
      "rho_random_mean": 0.00032141923036603184,
      "rho_random_std": 0.062235856421573685,
      "z_score": 9.520824782934591,
      "n_exceed": 0
    },
    "wrong_sign": {
      "rho_positive_alpha": 0.5928581034360436,
      "rho_negative_alpha": -0.5928581034360436
    },
    "shuffled_z": {
      "rho_real_z": 0.5928581034360436,
      "rho_shuffled_z": 0.5701657505366006
    },
    "pure_mass": {
      "rho_gamma": 0.5928581034360436,
      "rho_mstar": 0.5594522703471411,
      "rho_mh": 0.5754438668701177
    },
    "z_confounding": [
      {
        "z_range": "8-8.5",
        "n": 107,
        "rho": 0.3154450518231156,
        "p": 0.0009343377580702195
      },
      {
        "z_range": "8.5-9",
        "n": 72,
        "rho": 0.5300983986108432,
        "p": 1.677326200329392e-06
      },
      {
        "z_range": "9-10",
        "n": 104,
        "rho": 0.7319321455243786,
        "p": 1.0817150432005981e-18
      }
    ],
    "magnitude_bias": {
      "rho_bright": 0.5024701399888692,
      "rho_faint": 0.34928781137951054
    }
  },
  "summary": {
    "tests_passed": 6,
    "tests_total": 7
  }
}