{
  "step": "step_173",
  "name": "Cosmic SFRD Correction",
  "surveys": {
    "UNCOVER": [
      {
        "z_lo": 6,
        "z_hi": 7,
        "z_mid": 6.5,
        "n": 372,
        "volume_Mpc3": 109137.75765838375,
        "sfrd_obs": 0.012634804029204371,
        "sfrd_corr_m05": 0.014446921262537419,
        "sfrd_corr_m07": 0.01535790847028793,
        "sfrd_lcdm_extrapolation": 0.021134890398366465,
        "sfrd_madau_dickinson": 0.01681608696324755,
        "log_sfrd_obs": -1.8984314897705952,
        "log_sfrd_corr": -1.8402246941635858,
        "log_sfrd_corr_m07": -1.8136679250376704,
        "log_sfrd_lcdm": -1.675,
        "excess_factor_obs": 0.5978173433149635,
        "excess_factor_corr": 0.6835578983486962,
        "sfrd_reduction_pct": -14.342266244450474,
        "mean_gamma_t": 0.5962219911098889,
        "mean_sfr_correction": 0.7716216481070683
      },
      {
        "z_lo": 7,
        "z_hi": 8,
        "z_mid": 7.5,
        "n": 221,
        "volume_Mpc3": 98031.40254711048,
        "sfrd_obs": 0.008545121989243731,
        "sfrd_corr_m05": 0.010523561960579948,
        "sfrd_corr_m07": 0.011454770602522105,
        "sfrd_lcdm_extrapolation": 0.009440608762859235,
        "sfrd_madau_dickinson": 0.011726093249474445,
        "log_sfrd_obs": -2.068281732957611,
        "log_sfrd_corr": -1.9778372375591802,
        "log_sfrd_corr_m07": -1.9410136037296146,
        "log_sfrd_lcdm": -2.025,
        "excess_factor_obs": 0.9051452299200786,
        "excess_factor_corr": 1.1147122208878322,
        "sfrd_reduction_pct": -23.152858131535158,
        "mean_gamma_t": 0.5728166970019263,
        "mean_sfr_correction": 0.7565958401638985
      },
      {
        "z_lo": 8,
        "z_hi": 9,
        "z_mid": 8.5,
        "n": 179,
        "volume_Mpc3": 88524.92901997165,
        "sfrd_obs": 0.024936245570744597,
        "sfrd_corr_m05": 0.02191700314097789,
        "sfrd_corr_m07": 0.021390513340168716,
        "sfrd_lcdm_extrapolation": 0.004216965034285823,
        "sfrd_madau_dickinson": 0.008502704242699735,
        "log_sfrd_obs": -1.603168933802513,
        "log_sfrd_corr": -1.6592188301290476,
        "log_sfrd_corr_m07": -1.6697787928886183,
        "log_sfrd_lcdm": -2.375,
        "excess_factor_obs": 5.913315706438564,
        "excess_factor_corr": 5.197340495541887,
        "sfrd_reduction_pct": 12.107846873744721,
        "mean_gamma_t": 0.5753416741192147,
        "mean_sfr_correction": 0.7542471869946455
      },
      {
        "z_lo": 9,
        "z_hi": 10,
        "z_mid": 9.5,
        "n": 104,
        "volume_Mpc3": 80383.33307644447,
        "sfrd_obs": 0.015725247796425274,
        "sfrd_corr_m05": 0.01053407911165636,
        "sfrd_corr_m07": 0.009735598665477858,
        "sfrd_lcdm_extrapolation": 0.0018836490894898021,
        "sfrd_madau_dickinson": 0.0063642712653969626,
        "log_sfrd_obs": -1.8034025022723772,
        "log_sfrd_corr": -1.9774034243849556,
        "log_sfrd_corr_m07": -2.0116373375061016,
        "log_sfrd_lcdm": -2.7249999999999996,
        "excess_factor_obs": 8.3482894367998,
        "excess_factor_corr": 5.592378734676945,
        "sfrd_reduction_pct": 33.01168129095551,
        "mean_gamma_t": 0.6105716924809029,
        "mean_sfr_correction": 0.7630790193726
      }
    ],
    "CEERS": [
      {
        "z_lo": 6,
        "z_hi": 7,
        "z_mid": 6.5,
        "n": 1835,
        "volume_Mpc3": 242528.35035196386,
        "sfrd_obs": 0.150030702476607,
        "sfrd_corr_m05": 0.055317849689837155,
        "sfrd_corr_m07": 0.053581517798996316,
        "sfrd_lcdm_extrapolation": 0.021134890398366465,
        "sfrd_madau_dickinson": 0.01681608696324755,
        "log_sfrd_obs": -0.8238198572660308,
        "log_sfrd_corr": -1.2571347100881876,
        "log_sfrd_corr_m07": -1.2709849883315334,
        "log_sfrd_lcdm": -1.675,
        "excess_factor_obs": 7.098721575968192,
        "excess_factor_corr": 2.6173710223788396,
        "sfrd_reduction_pct": 63.128980417549926,
        "mean_gamma_t": 6.148156437017789e+21,
        "mean_sfr_correction": 1830435492.8099954
      },
      {
        "z_lo": 7,
        "z_hi": 8,
        "z_mid": 7.5,
        "n": 554,
        "volume_Mpc3": 217847.56121580108,
        "sfrd_obs": 0.0426783305431576,
        "sfrd_corr_m05": 0.0337939576655866,
        "sfrd_corr_m07": 0.03252457590841651,
        "sfrd_lcdm_extrapolation": 0.009440608762859235,
        "sfrd_madau_dickinson": 0.011726093249474445,
        "log_sfrd_obs": -1.3697925772999326,
        "log_sfrd_corr": -1.4711609443104467,
        "log_sfrd_corr_m07": -1.4877883575437874,
        "log_sfrd_lcdm": -2.025,
        "excess_factor_obs": 4.5207180612187345,
        "excess_factor_corr": 3.5796375545756196,
        "sfrd_reduction_pct": 20.817058128801126,
        "mean_gamma_t": 0.60169068503474,
        "mean_sfr_correction": 0.7671597014010494
      },
      {
        "z_lo": 8,
        "z_hi": 9,
        "z_mid": 8.5,
        "n": 382,
        "volume_Mpc3": 196722.06448882588,
        "sfrd_obs": 0.013504109661396991,
        "sfrd_corr_m05": 0.013689999161568,
        "sfrd_corr_m07": 0.014092282036181325,
        "sfrd_lcdm_extrapolation": 0.004216965034285823,
        "sfrd_madau_dickinson": 0.008502704242699735,
        "log_sfrd_obs": -1.8695340439747725,
        "log_sfrd_corr": -1.863596578463994,
        "log_sfrd_corr_m07": -1.851018673642119,
        "log_sfrd_lcdm": -2.375,
        "excess_factor_obs": 3.202329056940834,
        "excess_factor_corr": 3.246410404227246,
        "sfrd_reduction_pct": -1.3765402150309525,
        "mean_gamma_t": 0.5578484872022438,
        "mean_sfr_correction": 0.7437152409656457
      },
      {
        "z_lo": 9,
        "z_hi": 10,
        "z_mid": 9.5,
        "n": 236,
        "volume_Mpc3": 178629.62905876548,
        "sfrd_obs": 0.020816276215411184,
        "sfrd_corr_m05": 0.018084722957270007,
        "sfrd_corr_m07": 0.017815495899524286,
        "sfrd_lcdm_extrapolation": 0.0018836490894898021,
        "sfrd_madau_dickinson": 0.0063642712653969626,
        "log_sfrd_obs": -1.6815969580022714,
        "log_sfrd_corr": -1.7426881398772285,
        "log_sfrd_corr_m07": -1.7492020844311496,
        "log_sfrd_lcdm": -2.7249999999999996,
        "excess_factor_obs": 11.051037229577299,
        "excess_factor_corr": 9.600898096241677,
        "sfrd_reduction_pct": 13.122199330343676,
        "mean_gamma_t": 1.0633137086385216,
        "mean_sfr_correction": 0.7934152988889238
      },
      {
        "z_lo": 10,
        "z_hi": 12,
        "z_mid": 11.0,
        "n": 269,
        "volume_Mpc3": 312671.436233267,
        "sfrd_obs": 0.010628189013756789,
        "sfrd_corr_m05": 0.010998305062158575,
        "sfrd_corr_m07": 0.011243153128565933,
        "sfrd_lcdm_extrapolation": 0.0005623413251903491,
        "sfrd_madau_dickinson": 0.0043225674119272365,
        "log_sfrd_obs": -1.9735407306165171,
        "log_sfrd_corr": -1.9586742383752995,
        "log_sfrd_corr_m07": -1.9491118743276694,
        "log_sfrd_lcdm": -3.25,
        "excess_factor_obs": 18.899889689165583,
        "excess_factor_corr": 19.558059437363447,
        "sfrd_reduction_pct": -3.482399945303194,
        "mean_gamma_t": 3.6603811515405795e+19,
        "mean_sfr_correction": 414141147.22182983
      }
    ]
  },
  "combined": [
    {
      "z_lo": 6,
      "z_hi": 7,
      "z_mid": 6.5,
      "n": 2207,
      "log_sfrd_obs": -0.9690337471023671,
      "log_sfrd_corr": -1.3702462778068247,
      "log_sfrd_corr_m07": -1.3796659190675964,
      "log_sfrd_lcdm": -1.675,
      "log_sfrd_md14": -1.7742750553857138,
      "excess_factor_obs": 5.081199572730983,
      "excess_factor_corr": 2.017222121817761,
      "sfrd_reduction_pct": 60.3002776619229
    },
    {
      "z_lo": 7,
      "z_hi": 8,
      "z_mid": 7.5,
      "n": 775,
      "log_sfrd_obs": -1.4936943583214746,
      "log_sfrd_corr": -1.5755739465760679,