{
  "test": "Thread 2: \u0393_t vs Age Ratio",
  "n": 2315,
  "raw_rho": 0.04789577527211646,
  "raw_p": 0.021191412985561757,
  "partial_rho": 0.08443251213838716,
  "partial_p": 4.752141681372902e-05,
  "ci_95": [
    0.03698874423110844,
    0.12652463383754903
  ],
  "partial_rho_double": -0.08011081324038496,
  "partial_p_double": 0.0001140344702207694,
  "ci_95_double": [
    -0.12235496793240981,
    -0.03820085384279384
  ],
  "significant": true,
  "significant_double": true,
  "interpretation": "Enhanced time \u2192 older appearance"
}