{
  "step": 87,
  "name": "Compactness Verification",
  "n_matched": 40,
  "calibration_k": 5.93369278195682e-11,
  "mean_boost": 0.7636766351397555,
  "median_boost": 0.8207116705524892,
  "conclusion": "Inconclusive"
}