{
  "best_kappa_gal_dust": 100000.0,
  "max_rho_dust": 0.4712708247076625,
  "best_kappa_gal_age": 100000.0,
  "max_rho_age": -0.006035944296748368,
  "nominal_rho_dust": 0.4712708247076625,
  "robustness_1sigma": 1.0
}