{
  "convergence": {
    "alpha_1": 0.38535229199406235,
    "alpha_2": 2.9999947818017043,
    "cv": 0.8997949153211857,
    "converged": false
  },
  "null_rejection": {
    "chi2": 1485.334649341342,
    "combined_p": 1e-300,
    "sigma": 37.06578788077213,
    "disrupted": true
  },
  "totality": {
    "rho_raw": 0.11419831843164013,
    "rho_corrected": 0.033003826552510565,
    "improvement": 0.08119449187912957,
    "scatter_reduction_pct": 2.5953320486906524,
    "flattening_pct": 0.0,
    "success": false
  }
}