{
  "step": "005",
  "name": "thread2_4_partial_correlations",
  "thread2_gamma_age": {
    "test": "Thread 2: \u0393_t vs Age Ratio",
    "n": 2315,
    "raw_rho": 0.04789577527211646,
    "raw_p": 0.021191412985561757,
    "partial_rho": 0.08443251213838716,
    "partial_p": 4.752141681372902e-05,
    "ci_95": [
      0.03698874423110844,
      0.12652463383754903
    ],
    "partial_rho_double": -0.08011081324038496,
    "partial_p_double": 0.0001140344702207694,
    "ci_95_double": [
      -0.12235496793240981,
      -0.03820085384279384
    ],
    "significant": true,
    "significant_double": true,
    "interpretation": "Enhanced time \u2192 older appearance"
  },
  "thread3_gamma_metallicity": {
    "test": "Thread 3: \u0393_t vs Metallicity",
    "n": 1108,
    "raw_rho": 0.22491646693655873,
    "raw_p": 3.5766812937548035e-14,
    "partial_rho": 0.17735703141197998,
    "partial_p": 2.7791425206596067e-09,
    "ci_95": [
      0.11873261027356044,
      0.24107091067936148
    ],
    "partial_rho_double": 0.004761796430977782,
    "partial_p_double": 0.8741997941838326,
    "ci_95_double": [
      -0.05766833552087721,
      0.06918800830548676
    ],
    "significant": true,
    "significant_double": false,
    "interpretation": "Enhanced time \u2192 more enrichment"
  },
  "thread4_gamma_dust": {
    "test": "Thread 4: \u0393_t vs Dust",
    "n": 1108,
    "raw_rho": 0.315078899975993,
    "raw_p": 5.856403969099883e-27,
    "partial_rho": 0.3285336913247389,
    "partial_p": 2.6892607822152093e-29,
    "ci_95": [
      0.26905221381301886,
      0.38243117656802567
    ],
    "partial_rho_double": 0.04301480788005846,
    "partial_p_double": 0.15246911403247754,
    "ci_95_double": [
      -0.021460183448170404,
      0.10447051865639358
    ],
    "significant": true,
    "significant_double": false,
    "interpretation": "Enhanced time \u2192 more dust processing"
  }
}