{
  "n_total": 2315,
  "literature": {
    "uv_slope": {
      "rho": 0.5928581034360436,
      "p": 2.9965940211265736e-28
    },
    "sfe": {
      "rho": -0.5902071325781922,
      "p": 5.9280626764324e-28
    },
    "ml_ratio": {
      "rho": 0.32008289115188837,
      "p": 3.663783125820875e-08
    },
    "smf_shape": {
      "rho_mass_gamma": 0.9946121839325724,
      "p": 3.1168010334880947e-102
    },
    "formation_epoch": {
      "rho": -0.04117343713434656,
      "p": 0.4902750580887214
    },
    "impossible_triangle": {
      "n": 17,
      "mean_gamma_impossible": 9.212432458831502,
      "mean_gamma_all": 1.7568440470393636,
      "ratio": 5.2437394624504705
    }
  }
}