{
  "step": "166",
  "name": "jades_z9_beta_contrast",
  "status": "SUCCESS",
  "description": "JADES photometric z=9-12 UV-slope companion analysis split by predicted Gamma_t",
  "input_catalog": "/Users/matthewsmawfield/www/Temporal Equivalence Principle/TEP-JWST/data/raw/JADES_z_gt_8_Candidates_Hainline_et_al.fits",
  "selection": {
    "base_highz_count": 527,
    "n_with_beta": 90,
    "z_window": [
      9.0,
      12.0
    ],
    "beta_err_max": 2.5,
    "MUV_window": [
      -22.0,
      -16.0
    ],
    "n_final": 28,
    "median_z": 9.46
  },
  "raw_correlation": {
    "rho_gamma_t_vs_beta": 0.004378762999452655,
    "p": 0.9823570994002738
  },
  "contrasts": {
    "q33_q67": {
      "gamma_t_quantiles": [
        0.3333333333333333,
        0.6666666666666666
      ],
      "gamma_t_threshold_low": 38.670340563170264,
      "gamma_t_threshold_high": 416.1490878574439,
      "n_low": 9,
      "n_high": 10,
      "median_gamma_t_low": 14.025068522458488,
      "median_gamma_t_high": 1090.8232545440328,
      "median_beta_low": -2.5169509795495166,
      "median_beta_high": -2.49638839115154,
      "weighted_beta_low": -2.6643782259154127,
      "weighted_beta_high": -2.3603482641097107,
      "delta_weighted_beta_high_minus_low": 0.3040299618057021,
      "bootstrap_ci_95": [
        -0.5000947073985766,
        0.8581144433670778
      ],
      "bootstrap_supportive_p_one_sided": 0.23194201449637591,
      "mean_MUV_high_minus_low": -1.6879029478167737
    },
    "q25_q75": {
      "gamma_t_quantiles": [
        0.25,
        0.75
      ],
      "gamma_t_threshold_low": 19.241544204519265,
      "gamma_t_threshold_high": 483.6959062663954,
      "n_low": 7,
      "n_high": 7,
      "median_gamma_t_low": 14.000773220956697,
      "median_gamma_t_high": 2311.6426991097046,
      "median_beta_low": -2.1974647603941806,
      "median_beta_high": -2.394605106087663,
      "weighted_beta_low": -2.661510444006633,
      "weighted_beta_high": -2.191288172934715,
      "delta_weighted_beta_high_minus_low": 0.47022227107191794,
      "bootstrap_ci_95": [
        -0.3462604928523272,
        1.0052956347511386
      ],
      "bootstrap_supportive_p_one_sided": 0.13121719570107473,
      "mean_MUV_high_minus_low": -1.9525281996678743
    }
  },
  "primary_contrast": {
    "gamma_t_quantiles": [
      0.25,
      0.75
    ],
    "gamma_t_threshold_low": 19.241544204519265,
    "gamma_t_threshold_high": 483.6959062663954,
    "n_low": 7,
    "n_high": 7,
    "median_gamma_t_low": 14.000773220956697,
    "median_gamma_t_high": 2311.6426991097046,
    "median_beta_low": -2.1974647603941806,
    "median_beta_high": -2.394605106087663,
    "weighted_beta_low": -2.661510444006633,
    "weighted_beta_high": -2.191288172934715,
    "delta_weighted_beta_high_minus_low": 0.47022227107191794,
    "bootstrap_ci_95": [
      -0.3462604928523272,
      1.0052956347511386
    ],
    "bootstrap_supportive_p_one_sided": 0.13121719570107473,
    "mean_MUV_high_minus_low": -1.9525281996678743
  },
  "assessment": "The JADES z=9-12 beta sample is directionally supportive but remains a lower-power photometric companion rather than a decisive standalone test."
}