{
  "single_split": {
    "alpha_calibrated": 960000.0,
    "alpha_reference": 960000.0,
    "rho_tep": 0.23408700218095643,
    "rho_mass": 0.31376952578798767,
    "rho_partial": 0.35614567962966265,
    "p_partial": 5.198043194011057e-18,
    "partial_significant": true
  },
  "cross_validation": {
    "n_folds": 5,
    "alpha_mean": 960000.0,
    "alpha_std": 0.0,
    "rho_partial_mean": 0.3221787871326252,
    "rho_partial_std": 0.13296492928949724,
    "significant_folds": 4,
    "combined_chi2": 164.82735987282152,
    "combined_p": 3.260707646755849e-30
  },
  "validation_status": "strong"
}