{
  "step": "157",
  "name": "cosmos2025_ssfr_inversion",
  "status": "SUCCESS",
  "description": "COSMOS2025 sSFR inversion \u2014 Table B4b",
  "ssfr_bins": [
    {
      "label": "z=4-7 (low-z)",
      "z_lo": 4.0,
      "z_hi": 7.0,
      "n": 42361,
      "raw_rho": -0.31444463181731136,
      "raw_p": 1e-300,
      "partial_rho": 0.040430365874945584,
      "partial_p": 8.47210987063367e-17,
      "ci_lo": 0.03325133934990561,
      "ci_hi": 0.04830046148634229,
      "partial_rho_debiased_mass": 0.022573866101360616,
      "partial_p_debiased_mass": 3.3751564385493484e-06,
      "ci_lo_debiased_mass": 0.015386150797856043,
      "ci_hi_debiased_mass": 0.030382922417356687,
      "weighted_partial_rho_debiased_mass": 0.0191178039409587,
      "weighted_partial_p_debiased_mass": 0.0007720030175352476,
      "weighted_partial_n_eff": 30932.971646669906,
      "reference_mass_reweighted_partial_rho_debiased_mass": null,
      "reference_mass_reweighted_partial_p_debiased_mass": null,
      "reference_mass_reweighted_n_eff": null,
      "reference_mass_reweight_source": null,
      "median_sigma_log_mstar": 0.18271499999999996,
      "median_sigma_z_rel": 0.06109828931837001,
      "median_quality_weight": 10.307120209267008
    },
    {
      "label": "z=7-8",
      "z_lo": 7.0,
      "z_hi": 8.0,
      "n": 4590,
      "raw_rho": -0.6885456948603181,
      "raw_p": 1e-300,
      "partial_rho": -0.042177539081765233,
      "partial_p": 0.004263173387014298,
      "ci_lo": -0.07129574607620998,
      "ci_hi": -0.015004078711854264,
      "partial_rho_debiased_mass": -0.06474997730935093,
      "partial_p_debiased_mass": 1.1324981340036803e-05,
      "ci_lo_debiased_mass": -0.09566878119868713,
      "ci_hi_debiased_mass": -0.036784278930098786,
      "weighted_partial_rho_debiased_mass": -0.08957442311201202,
      "weighted_partial_p_debiased_mass": 1.1487967108635802e-07,
      "weighted_partial_n_eff": 3487.1103427951643,
      "reference_mass_reweighted_partial_rho_debiased_mass": null,
      "reference_mass_reweighted_partial_p_debiased_mass": null,
      "reference_mass_reweighted_n_eff": null,
      "reference_mass_reweight_source": null,
      "median_sigma_log_mstar": 0.22805500000000034,
      "median_sigma_z_rel": 0.08117116916057773,
      "median_quality_weight": 8.243750326743964
    },
    {
      "label": "z=8-9",
      "z_lo": 8.0,
      "z_hi": 9.0,
      "n": 1121,
      "raw_rho": -0.49375700312519616,
      "raw_p": 6.042714984596713e-70,
      "partial_rho": 0.06729596849115416,
      "partial_p": 0.024246544489495772,
      "ci_lo": 0.011600064761055514,
      "ci_hi": 0.11835089848939144,
      "partial_rho_debiased_mass": 0.043294687754262665,
      "partial_p_debiased_mass": 0.1474420189389555,
      "ci_lo_debiased_mass": -0.010388156835543325,
      "ci_hi_debiased_mass": 0.09306867066112624,
      "weighted_partial_rho_debiased_mass": 0.06954961597083278,
      "weighted_partial_p_debiased_mass": 0.04449051198857687,
      "weighted_partial_n_eff": 835.064682744647,
      "reference_mass_reweighted_partial_rho_debiased_mass": null,
      "reference_mass_reweighted_partial_p_debiased_mass": null,
      "reference_mass_reweighted_n_eff": null,
      "reference_mass_reweight_source": null,
      "median_sigma_log_mstar": 0.22172999999999998,
      "median_sigma_z_rel": 0.10061042554125861,
      "median_quality_weight": 7.906021315083524
    },
    {
      "label": "z=9-13 (high-z)",
      "z_lo": 9.0,
      "z_hi": 13.0,
      "n": 1467,
      "raw_rho": -0.7058917237138169,
      "raw_p": 1.1374049252755266e-221,
      "partial_rho": -0.10634983520227076,
      "partial_p": 4.4753910270501055e-05,
      "ci_lo": -0.1599608970309431,
      "ci_hi": -0.05412547437714061,
      "partial_rho_debiased_mass": -0.21216117646703764,
      "partial_p_debiased_mass": 2.1605445262937902e-16,
      "ci_lo_debiased_mass": -0.26678722897116663,
      "ci_hi_debiased_mass": -0.160328485662041,
      "weighted_partial_rho_debiased_mass": -0.18485749797885492,
      "weighted_partial_p_debiased_mass": 3.6099549253108585e-09,
      "weighted_partial_n_eff": 998.7592390155423,
      "reference_mass_reweighted_partial_rho_debiased_mass": -0.15671406895768286,
      "reference_mass_reweighted_partial_p_debiased_mass": 3.5142814535589933e-07,
      "reference_mass_reweighted_n_eff": 1042.0512635417754,
      "reference_mass_reweight_source": "z=8-9 log_Mstar distribution",
      "median_sigma_log_mstar": 0.2159999999999993,
      "median_sigma_z_rel": 0.3617318712696555,
      "median_quality_weight": 4.24002750826429
    }
  ],
  "beta_debias_used": 0.5211082204349958,
  "beta_debias_source": "step_117_object_level_bootstrap",
  "comparison_test": "independent_sample_fisher_z_difference",
  "steiger_Z": -5.537548097474028,
  "steiger_p": 3.067354732954747e-08,
  "rho_lowz": 0.040430365874945584,
  "rho_highz": -0.10634983520227076,
  "delta_rho": -0.14678020107721634,
  "rho_lowz_debiased": 0.022573866101360616,
  "rho_highz_debiased": -0.21216117646703764,
  "delta_rho_debiased": -0.23473504256839825,
  "activation_scan": [
    {
      "label": "z=4-7 (low-z)",
      "n": 42361,
      "partial_rho": 0.040430365874945584,
      "partial_rho_debiased_mass": 0.022573866101360616,
      "weighted_partial_rho_debiased_mass": 0.0191178039409587,
      "reference_mass_reweighted_partial_rho_debiased_mass": null,
      "sign_supportive_after_debias": true
    },
    {
      "label": "z=7-8",
      "n": 4590,
      "partial_rho": -0.042177539081765233,
      "partial_rho_debiased_mass": -0.06474997730935093,
      "weighted_partial_rho_debiased_mass": -0.08957442311201202,
      "reference_mass_reweighted_partial_rho_debiased_mass": null,
      "sign_supportive_after_debias": false
    },
    {
      "label": "z=8-9",
      "n": 1121,
      "partial_rho": 0.06729596849115416,
      "partial_rho_debiased_mass": 0.043294687754262665,
      "weighted_partial_rho_debiased_mass": 0.06954961597083278,
      "reference_mass_reweighted_partial_rho_debiased_mass": null,
      "sign_supportive_after_debias": true
    },
    {
      "label": "z=9-13 (high-z)",
      "n": 1467,
      "partial_rho": -0.10634983520227076,
      "partial_rho_debiased_mass": -0.21216117646703764,
      "weighted_partial_rho_debiased_mass": -0.18485749797885492,
      "reference_mass_reweighted_partial_rho_debiased_mass": -0.15671406895768286,
      "sign_supportive_after_debias": false
    }
  ],
  "selection_sensitivity": {
    "reference_mass_reweight_note": "z>=9 bins are additionally reweighted to the z=8-9 stellar-mass distribution as a selection/completeness sensitivity test; these are companion diagnostics, not the primary headline.",
    "z=9-10": {
      "label": "z=9-10",
      "z_lo": 9.0,
      "z_hi": 10.0,
      "n": 959,
      "raw_rho": -0.6695171595217818,
      "raw_p": 1.0175329355632874e-125,
      "partial_rho": -0.10223964189531981,
      "partial_p": 0.0015227602570657003,
      "ci_lo": -0.15815779676936,
      "ci_hi": -0.02740969567195562,
      "partial_rho_debiased_mass": -0.14538102440681222,
      "partial_p_debiased_mass": 6.175683550595625e-06,
      "ci_lo_debiased_mass": -0.20093008203468787,
      "ci_hi_debiased_mass": -0.0842994920721526,
      "weighted_partial_rho_debiased_mass": -0.15486579343675003,
      "weighted_partial_p_debiased_mass": 5.2587109212481984e-05,
      "weighted_partial_n_eff": 673.896696294002,
      "reference_mass_reweighted_partial_rho_debiased_mass": -0.16759455959213523,
      "reference_mass_reweighted_partial_p_debiased_mass": 2.6158793525710618e-05,
      "reference_mass_reweighted_n_eff": 620.5736106556196,
      "reference_mass_reweight_source": "z=8-9 log_Mstar distribution",
      "median_sigma_log_mstar": 0.21848500000000026,
      "median_sigma_z_rel": 0.390560313049396,
      "median_quality_weight": 3.8826757487908927
    },
    "z=10-13": {
      "label": "z=10-13",
      "z_lo": 10.0,