{
  "n_total": 2315,
  "out_of_box": {
    "reverse_causality": [
      {
        "dust_range": "0-0.3",
        "n": 58,
        "rho": 0.8988587775692887,
        "p": 1.0144657300202577e-21
      },
      {
        "dust_range": "0.3-0.6",
        "n": 36,
        "rho": 0.9137709137709138,
        "p": 7.380054334113716e-15
      },
      {
        "dust_range": "0.6-1.0",
        "n": 115,
        "rho": 0.985338909492622,
        "p": 1.2496653558510622e-88
      },
      {
        "dust_range": "1.0-3.0",
        "n": 70,
        "rho": 0.9961858105152656,
        "p": 9.124536821255526e-74
      }
    ],
    "partial_correlation": {
      "rho_raw": 0.5928581034360436,
      "rho_partial": 0.15146166072443984,
      "p_partial": 0.010727921038061023
    },
    "prediction_inversion": {
      "r2_observables": 0.5070473456981778,
      "r2_with_mass": 0.9723733362657327,
      "improvement": 0.46532599056755497
    },
    "bootstrap": {
      "mean": 0.5923108846822749,
      "std": 0.04512470471111838,
      "ci_low": 0.49756445280064576,
      "ci_high": 0.6784465840282832
    },
    "extreme_outliers": {
      "n_extreme": 30,
      "mean_gamma_extreme": 12.979079947317675,
      "mean_gamma_normal": 0.4261441379154534
    },
    "information_gain": {
      "r2_mass": 0.46252250389271865,
      "r2_gamma": 0.16105830179971936,
      "r2_both": 0.4627627401051292,
      "gain": 0.00024023621241053839
    },
    "impossible_test": {
      "n_high_gamma": 14,
      "n_low_dust": 1,
      "fraction": 0.07142857142857142
    },
    "z_derivative": {
      "slope": 0.18012149232923932,
      "r_squared": 0.7846013261656042
    }
  },
  "summary": {
    "tests_passed": 8,
    "tests_total": 8
  }
}