{
  "n_total": 2315,
  "out_of_box": {
    "reverse_causality": [
      {
        "dust_range": "0-0.3",
        "n": 58,
        "rho": 0.7323202805376973,
        "p": 6.45314629652295e-11
      },
      {
        "dust_range": "0.3-0.6",
        "n": 36,
        "rho": 0.7930501930501931,
        "p": 8.083914502157379e-09
      },
      {
        "dust_range": "0.6-1.0",
        "n": 115,
        "rho": 0.9331492148662511,
        "p": 4.970979576869662e-52
      },
      {
        "dust_range": "1.0-3.0",
        "n": 70,
        "rho": 0.9797742979616831,
        "p": 3.0085710950085533e-49
      }
    ],
    "partial_correlation": {
      "rho_raw": 0.6029791257884878,
      "rho_partial": 0.171353207584731,
      "p_partial": 0.0038369677367371497
    },
    "prediction_inversion": {
      "r2_observables": -0.04952496941935643,
      "r2_with_mass": 0.8809396319627407,
      "improvement": 0.9304646013820972
    },
    "bootstrap": {
      "mean": 0.6023922194888751,
      "std": 0.04489559210782087,
      "ci_low": 0.5072181126194595,
      "ci_high": 0.686478034416863
    },
    "extreme_outliers": {
      "n_extreme": 30,
      "mean_gamma_extreme": 1.547827413958089,
      "mean_gamma_normal": 0.9010675480635737
    },
    "information_gain": {
      "r2_mass": 0.46252250389271865,
      "r2_gamma": 0.1590125053523308,
      "r2_both": 0.4627156889712667,
      "gain": 0.00019318507854804157
    },
    "z_derivative": {
      "slope": 0.18365081255136975,
      "r_squared": 0.759935736285753
    }
  },
  "summary": {
    "tests_passed": 5,
    "tests_total": 8
  }
}