{
  "n_total": 2315,
  "web_inspired": {
    "compactness": {
      "rho_gamma_dust": 0.4712708247076625,
      "p": 4.718450634589153e-17
    },
    "quenching_timescale": {
      "n_quenching": 15,
      "mean_gamma_quenching": 0.7456871974611281,
      "mean_gamma_all": 0.581504178021387
    },
    "red_dots": {
      "n_red_dots": 75,
      "mean_gamma_rd": 0.7264790619495681,
      "mean_gamma_normal": 0.5561589185933832,
      "ratio": 1.306243661050968
    },
    "balmer_break": {
      "rho_gamma_mwa": 0.2180024051822962,
      "rho_teff_mwa": 0.2180024051822962
    }
  }
}