mass_reduction_dex,n_z8,rho_mass_dust_z8,p_mass_dust_z8,rho_gamma_dust_z8,p_gamma_dust_z8,rho_gamma_age_z4,p_gamma_age_z4,ks_chi2_separation,p_ks_chi2,mean_chi2_enhanced,mean_chi2_suppressed,dust_diff_high_low_gamma,age_diff_high_low_gamma,met_diff_high_low_gamma,n_enhanced,n_suppressed
0.0,283,0.5594522703471411,1.046457458256734e-24,0.4712708247076625,4.718450634589153e-17,-0.006035944296748368,0.7716158733152128,0.5658561296859169,0.0003889374526015567,122.19872234415067,42.23242660227868,-0.2090264431417463,0.006418376996105146,-0.07347104946993632,12,2303
0.3,283,0.5594522703471411,1.046457458256734e-24,0.38047705827476697,3.518833940606833e-11,-0.018866668775866006,0.3642218392108195,,,,,-0.21076163166366818,0.0048248556281363375,-0.0650383664755485,0,0
0.5,283,0.5594522703471411,1.046457458256734e-24,0.32977399771911675,1.3245818266527637e-08,-0.02693709832701385,0.1951137852105334,,,,,-0.22340613454312913,0.0038862592615810376,-0.06423842600748997,0,0
0.7,283,0.5594522703471411,1.046457458256734e-24,0.2811977496132346,1.5330219299283591e-06,-0.03408119828727727,0.10113235588220118,,,,,-0.2514186121929712,0.0013922496207703916,-0.06690075845918164,0,0
1.0,283,0.5594522703471411,1.046457458256734e-24,0.22084699763122756,0.00018030426687258512,-0.04241054285771021,0.041312918134669786,,,,,-0.2734199611690806,-0.0005724317781023724,-0.07038634570474056,0,0
