{
  "step": "Step 094: Enhanced Environmental Screening",
  "n_galaxies": 2315,
  "tep_prediction": "Screening should SUPPRESS Gamma_t-dust correlation in dense environments",
  "density_estimator_tests": {
    "density_5nn": {
      "n_total": 2315,
      "n_high_density": 1157,
      "n_low_density": 1158,
      "median_density": 7.137383335275645,
      "rho_high_density": -0.23887519954794673,
      "p_high_density": 1.780615707530316e-16,
      "rho_low_density": 0.01134140089154628,
      "p_low_density": 0.6998398614912601,
      "delta_rho": 0.250216600439493,
      "delta_rho_ci_low": 0.15782631812329037,
      "delta_rho_ci_high": 0.335821072850456,
      "tep_prediction": "rho_low > rho_high (screening suppresses in dense regions)",
      "tep_confirmed": true,
      "interpretation": "SUPPORTS TEP"
    },
    "density_1arcmin": {
      "n_total": 2315,
      "n_high_density": 1126,
      "n_low_density": 1189,
      "median_density": 5.411268065124442,
      "rho_high_density": -0.24799434306118767,
      "p_high_density": 3.048406061243627e-17,
      "rho_low_density": 0.03962760525368748,
      "p_low_density": 0.17208544951782548,
      "delta_rho": 0.28762194831487514,
      "delta_rho_ci_low": 0.1954591006268071,
      "delta_rho_ci_high": 0.3707617304515531,
      "tep_prediction": "rho_low > rho_high (screening suppresses in dense regions)",
      "tep_confirmed": true,
      "interpretation": "SUPPORTS TEP"
    },
    "density_2arcmin": {
      "n_total": 2315,
      "n_high_density": 1132,
      "n_low_density": 1183,
      "median_density": 4.297183463481174,
      "rho_high_density": -0.17679418725057006,
      "p_high_density": 2.1121209617069088e-09,
      "rho_low_density": 0.024937399156454217,
      "p_low_density": 0.39147662922814075,
      "delta_rho": 0.20173158640702427,
      "delta_rho_ci_low": 0.11768943107415195,
      "delta_rho_ci_high": 0.28597098554268624,
      "tep_prediction": "rho_low > rho_high (screening suppresses in dense regions)",
      "tep_confirmed": true,
      "interpretation": "SUPPORTS TEP"
    },
    "overdensity": {
      "n_total": 2315,
      "n_high_density": 1132,
      "n_low_density": 1183,
      "median_density": -0.035334789218220884,
      "rho_high_density": -0.17679418725057006,
      "p_high_density": 2.1121209617069088e-09,
      "rho_low_density": 0.024937399156454217,
      "p_low_density": 0.39147662922814075,
      "delta_rho": 0.20173158640702427,
      "delta_rho_ci_low": 0.11214306610504367,
      "delta_rho_ci_high": 0.2854941615022329,
      "tep_prediction": "rho_low > rho_high (screening suppresses in dense regions)",
      "tep_confirmed": true,
      "interpretation": "SUPPORTS TEP"
    }
  },
  "redshift_bin_tests": [
    {
      "n_total": 1439,
      "n_high_density": 706,
      "n_low_density": 733,
      "median_density": 5.570423008216337,
      "rho_high_density": 0.04439077883179451,
      "p_high_density": 0.23880338629177103,
      "rho_low_density": -0.05822289185444363,
      "p_low_density": 0.1152631476066846,
      "delta_rho": -0.10261367068623814,
      "delta_rho_ci_low": -0.20983876147917105,
      "delta_rho_ci_high": -0.0012433622306947088,
      "tep_prediction": "rho_low > rho_high (screening suppresses in dense regions)",
      "tep_confirmed": false,
      "interpretation": "INCONCLUSIVE or CONTRADICTS",
      "z_range": "4-6"
    },
    {
      "n_total": 593,
      "n_high_density": 292,
      "n_low_density": 301,
      "median_density": 2.626056561016273,
      "rho_high_density": -0.2801155618578391,
      "p_high_density": 1.1515139241215613e-06,
      "rho_low_density": 0.06902334382081804,
      "p_low_density": 0.23249669845182597,
      "delta_rho": 0.34913890567865713,
      "delta_rho_ci_low": 0.18261737228563282,
      "delta_rho_ci_high": 0.49887065042911743,
      "tep_prediction": "rho_low > rho_high (screening suppresses in dense regions)",
      "tep_confirmed": true,
      "interpretation": "SUPPORTS TEP",
      "z_range": "6-8"
    },
    {
      "n_total": 283,
      "n_high_density": 136,
      "n_low_density": 147,
      "median_density": 1.3528170162811104,
      "rho_high_density": 0.6179571585325128,
      "p_high_density": 1.1063482656658073e-15,
      "rho_low_density": 0.6498575735366342,
      "p_low_density": 5.325345823785904e-19,
      "delta_rho": 0.03190041500412144,
      "delta_rho_ci_low": -0.13168750776850383,
      "delta_rho_ci_high": 0.18935320466250805,
      "tep_prediction": "rho_low > rho_high (screening suppresses in dense regions)",
      "tep_confirmed": false,
      "interpretation": "INCONCLUSIVE or CONTRADICTS",
      "z_range": "8-10"
    }
  ],
  "isolation_test": {
    "n_field": 1147,
    "n_clustered": 1168,
    "rho_field": 0.04351139073355574,
    "p_field": 0.14082981480280657,
    "rho_clustered": -0.20417300313021777,
    "p_clustered": 1.858829423888465e-12,
    "delta_rho": 0.2476843938637735,
    "tep_prediction": "rho_field > rho_clustered",
    "tep_confirmed": true
  },
  "summary": {
    "n_tests": 5,
    "n_supporting_tep": 5,
    "fraction_supporting": 1.0,
    "conclusion": "5/5 density estimators show the predicted screening pattern"
  }
}