{
  "step": 176,
  "name": "nested_bayesian_evidence",
  "timestamp": "2026-04-24T14:31:48.874098",
  "description": "Fully nested Bayesian evidence computation for TEP vs explicit astrophysical alternatives, using both multi-observable joint tests (primary) and single-observable supplementary tests.",
  "sampler_config": {
    "nlive": 500,
    "dlogz": 0.5,
    "seed_base": 176,
    "sampling": "rwalk",
    "bounding": "multi"
  },
  "sample_size": 504,
  "observables": [
    "dust",
    "log_ssfr",
    "chi2",
    "met"
  ],
  "n_observables": 4,
  "z_range": [
    7.002410816821598,
    9.985523401104327
  ],
  "mass_range": [
    8.00060190406349,
    11.136567502108385
  ],
  "preprocessing": {
    "observables_standardized_for_evidence": true,
    "observable_means_raw": {
      "dust": 0.7644616707162569,
      "log_ssfr": -8.125363067581045,
      "chi2": 20.380666556326666,
      "met": -0.8230535648451801
    },
    "observable_stds_raw": {
      "dust": 0.6052695032162856,
      "log_ssfr": 0.21239166348416363,
      "chi2": 47.34704327546426,
      "met": 0.33448966756755005
    },
    "mass_z_residual_comparison_included": true,
    "note": "Observables were z-scored before nested sampling so the shared Gaussian-noise priors are valid across domains with very different scales."
  },
  "joint_model_evidence": {
    "TEP": {
      "label": "TEP Joint (12 params)",
      "n_params": 12,
      "logZ": -2810.7952369869313,
      "logZ_err": 0.5091827250063917,
      "n_samples": 23978,
      "posterior_means": [
        0.1684351500688308,
        4.853273493558736,
        -0.1126025329575355,
        -0.15190112425123375,
        -4.320128699496059,
        -0.05013011554664076,
        0.1115091101431252,
        3.217590459748033,
        -0.02062054327283277,
        0.029931800421188245,
        0.8725697197779766,
        0.001486873271822891
      ],
      "posterior_stds": [
        0.040716595889728174,
        0.1397971752687446,
        0.03151569741178726,
        0.04455772073113845,
        0.4552645720563068,
        0.03172310488809358,
        0.04902394050235275,
        0.6168184179680185,
        0.0320338383480797,
        0.0499123686058065,
        0.6596710729672616,
        0.03161145951520708
      ],
      "niter": 23478,
      "ncall": 1,
      "eff": 3.3710013468259614,
      "seed": 1845
    },
    "Standard_Physics": {
      "label": "Standard Physics Joint (16 params)",
      "n_params": 16,
      "logZ": -2752.164123780974,
      "logZ_err": 0.5397782840504404,
      "n_samples": 31899,
      "posterior_means": [
        -9.43867072785078,
        1.2213337346192945,
        -0.10688576910418228,
        -0.20873812175500095,
        7.199543110255892,
        -0.7159005450410573,
        -0.13891836990771161,
        -0.0731185871618681,
        -4.597793823915626,
        0.635315675936158,
        -0.09329980309056587,
        -0.03982234284935065,
        -1.5209363129113227,
        0.02323429232501796,
        0.160346584515462,
        -0.005114337696307415
      ],
      "posterior_stds": [
        0.4300168837507789,
        0.05996320214912193,
        0.04462000470877108,
        0.03166342373214487,
        0.7909092524290136,
        0.09093956427404849,
        0.05358206055794353,
        0.03155947923617314,
        0.7969817180189008,
        0.09265169156295693,
        0.05489615470819034,
        0.031378440256720944,
        0.8390488862026291,
        0.09657852434032871,
        0.05775141942460853,
        0.03211731455046734
      ],
      "niter": 31399,
      "ncall": 1,
      "eff": 2.948988298898116,
      "seed": 3204
    },
    "Bursty_SF": {
      "label": "Bursty SF Joint (21 params)",
      "n_params": 21,
      "logZ": -2744.9239517116134,
      "logZ_err": 0.5703106457600103,
      "n_samples": 34234,
      "posterior_means": [
        4.6206827088895395,
        -6.5664844479438,
        0.7764435265443013,
        -0.09793723112539407,
        1.6149330215859525,
        -0.21666895346761852,
        3.715425502144909,
        -0.20479776785748907,
        -0.13998758964173097,
        -1.642082867880111,
        -0.08399939770594805,
        -2.3948991977537664,
        0.3135968322507598,
        -0.09340415883626989,
        1.0274744737460977,
        -0.03939339324659294,
        -0.7533615162615688,
        -0.09220544016625135,
        0.1632997149901881,
        0.36919253092392607,
        -0.00482579113991706
      ],
      "posterior_stds": [
        0.37791382663087314,
        1.006126121340719,
        0.13012775524625517,
        0.04590489115766832,
        0.3289807379839838,
        0.03086283676068668,
        1.115931911399912,
        0.14381863126066521,
        0.05128278402415816,
        0.34588251833574135,
        0.031020476837581218,
        1.6974292779556033,
        0.24263652751502182,
        0.05290067956357833,
        0.734547985201478,
        0.03171939548890299,
        2.108544900866349,
        0.3035165932200124,
        0.055705669614384105,
        0.9393687659763604,
        0.031520609135103836
      ],
      "niter": 33734,
      "ncall": 1,
      "eff": 2.5809788328674093,
      "seed": 2446
    },
    "Varying_IMF": {
      "label": "Varying IMF Joint (20 params)",
      "n_params": 20,
      "logZ": -2742.6217241164277,
      "logZ_err": 0.5354734826556813,
      "n_samples": 34694,
      "posterior_means": [
        2.3628969332894414,
        -1.4871584996077538,
        0.15390674579621708,
        -0.09947812167473062,
        -0.22131038040881065,
        -3.0471897496404763,
        1.5844119321720842,
        -0.1287974866559991,
        -0.13516693479349978,
        -0.08560422185549241,
        2.4180332597280434,
        -0.9292206696849007,
        0.08682357216039102,
        -0.09507735047922515,
        -0.042090180811215315,
        -0.5029850654115421,
        -0.20126451396259698,
        0.012390849607738398,
        0.15926732394807433,
        -0.003056058004459162
      ],
      "posterior_stds": [
        2.1290741372006785,
        0.46495482836871915,
        0.026060301919057505,
        0.044923098602165895,
        0.031918455716167825,
        1.8773348994777264,
        0.4019210226462125,
        0.022714142887429057,
        0.05327404150337921,
        0.03169234242345467,
        3.782244598493603,
        0.8352135659697418,
        0.04653960916259337,
        0.054581336846029574,
        0.030913988024354463,
        4.702933820760671,
        1.047090623601233,
        0.05848447223353736,
        0.056387269532750556,
        0.03136633222033335
      ],
      "niter": 34194,
      "ncall": 1,
      "eff": 2.6404574337164815,
      "seed": 2599
    },
    "AGN_Feedback": {
      "label": "AGN Feedback Joint (14 params)",
      "n_params": 14,
      "logZ": -2711.3268009672815,
      "logZ_err": 0.5083347801863037,
      "n_samples": 26612,
      "posterior_means": [
        9.72332749749432,
        2.8973912859430926,
        -0.2625060031599501,
        4.222400961424189,
        -0.23770347777311804,
        0.19171981987188147,
        -3.063003939788051,
        -0.1089366694094047,
        -0.13073676267281706,
        2.0754556813903355,
        -0.04482941314457573,
        -0.010723790014919776,
        0.18394038278268565,
        0.0029328554611982704
      ],
      "posterior_stds": [
        0.07823452078267037,
        0.40793470648893904,
        0.06228827480864433,
        0.35217110440229893,
        0.03146582195909837,
        0.05367864148863101,
        0.34115629234484596,
        0.032171020182027874,
        0.051150141564257755,
        0.32752888111719214,
        0.03206806820731774,
        0.04774055515852768,
        0.3107771334200374,
        0.031787511617161805
      ],
      "niter": 26112,
      "ncall": 1,
      "eff": 3.1544148413487694,
      "seed": 2633
    }
  },