{
  "step": "165",
  "name": "uncover_z9_reddening_stack",
  "status": "SUCCESS",
  "description": "Catalog-level stacked reddening surrogate for the UNCOVER z=9-12 null branch",
  "input_catalog": "/Users/matthewsmawfield/www/Temporal Equivalence Principle/TEP-JWST/results/interim/step_152_uncover_dr4_full_sps.csv",
  "rationale": "No local extracted spectra are available in the canonical workspace, so the analysis uses broad-posterior z=9-12 catalog objects as a surrogate for faint or weakly constrained targets.",
  "selection": {
    "z_window": [
      9.0,
      12.0
    ],
    "required_columns": [
      "gamma_t",
      "dust2",
      "dust2_16",
      "dust2_84",
      "UV",
      "VJ"
    ],
    "n_total_after_selection": 122,
    "n_posterior_broad": 61,
    "median_sigma_dust2": 0.49281593790919365
  },
  "contrasts": {
    "all_objects_q33_q67": {
      "subset_label": "all_objects_q33_q67",
      "gamma_t_quantiles": [
        0.3333333333333333,
        0.6666666666666666
      ],
      "gamma_t_threshold_low": 0.9010226794477352,
      "gamma_t_threshold_high": 0.9134793309679612,
      "n_total": 122,
      "n_low": 41,
      "n_high": 41,
      "median_gamma_t_low": 0.8974034894709275,
      "median_gamma_t_high": 0.9472039682828768,
      "raw_spearman_gamma_t_vs_dust2": {
        "rho": -0.0010210791716371303,
        "p": 0.991094128444326
      },
      "metrics": {
        "dust2": {
          "metric": "dust2",
          "n_low": 41,
          "n_high": 41,
          "low_median": 0.471530698915662,
          "high_median": 0.3636989664347484,
          "low_weighted_mean": 0.12852437813305914,
          "high_weighted_mean": 0.05988742336851211,
          "delta_weighted_high_minus_low": -0.06863695476454704,
          "bootstrap_ci_95": [
            -0.35091086853521464,
            0.041849766426264125
          ],
          "bootstrap_supportive_p_one_sided": 0.9067733066733317,
          "mannwhitney_p_two_sided": 0.7595723303530958
        },
        "UV": {
          "metric": "UV",
          "n_low": 41,
          "n_high": 41,
          "low_median": 0.6565505498204338,
          "high_median": 0.4916263273888752,
          "low_weighted_mean": 0.16818195472278316,
          "high_weighted_mean": 0.03047593094321571,
          "delta_weighted_high_minus_low": -0.13770602377956745,
          "bootstrap_ci_95": [
            -0.5639308764947027,
            0.14341619719045542
          ],
          "bootstrap_supportive_p_one_sided": 0.8355411147213196,
          "mannwhitney_p_two_sided": 0.6100019046361489
        },
        "VJ": {
          "metric": "VJ",
          "n_low": 41,
          "n_high": 41,
          "low_median": 0.3695309673163329,
          "high_median": 0.1952187263392808,
          "low_weighted_mean": -0.31774262989339486,
          "high_weighted_mean": -0.48613158227022807,
          "delta_weighted_high_minus_low": -0.1683889523768332,
          "bootstrap_ci_95": [
            -0.7316798401773303,
            0.118629536501573
          ],
          "bootstrap_supportive_p_one_sided": 0.8957760559860035,
          "mannwhitney_p_two_sided": 0.662924790049959
        }
      }
    },
    "all_objects_q25_q75": {
      "subset_label": "all_objects_q25_q75",
      "gamma_t_quantiles": [
        0.25,
        0.75
      ],
      "gamma_t_threshold_low": 0.8992203557490199,
      "gamma_t_threshold_high": 0.9253322521274743,
      "n_total": 122,
      "n_low": 31,
      "n_high": 31,
      "median_gamma_t_low": 0.8965474333310322,
      "median_gamma_t_high": 0.9633575646331748,
      "raw_spearman_gamma_t_vs_dust2": {
        "rho": -0.0010210791716371303,
        "p": 0.991094128444326
      },
      "metrics": {
        "dust2": {
          "metric": "dust2",
          "n_low": 31,
          "n_high": 31,
          "low_median": 0.4813715352107536,
          "high_median": 0.305966377328373,
          "low_weighted_mean": 0.10578397262601905,
          "high_weighted_mean": 0.06320794516930697,
          "delta_weighted_high_minus_low": -0.04257602745671207,
          "bootstrap_ci_95": [
            -0.39064205501088267,
            0.1145798401143044
          ],
          "bootstrap_supportive_p_one_sided": 0.7870532366908273,
          "mannwhitney_p_two_sided": 0.7999480597723025
        },
        "UV": {
          "metric": "UV",
          "n_low": 31,
          "n_high": 31,
          "low_median": 0.6540960932465865,
          "high_median": 0.4010357258207158,
          "low_weighted_mean": 0.1253547071005972,
          "high_weighted_mean": 0.0036150468311383754,
          "delta_weighted_high_minus_low": -0.12173966026945883,
          "bootstrap_ci_95": [
            -0.6507076462757709,
            0.2181414134323729
          ],
          "bootstrap_supportive_p_one_sided": 0.7868032991752062,
          "mannwhitney_p_two_sided": 0.5543193695171094
        },
        "VJ": {
          "metric": "VJ",
          "n_low": 31,
          "n_high": 31,
          "low_median": 0.3876065230340231,
          "high_median": 0.0065081775177837,
          "low_weighted_mean": -0.38390309386167937,
          "high_weighted_mean": -0.5174525010111366,
          "delta_weighted_high_minus_low": -0.13354940714945723,
          "bootstrap_ci_95": [
            -0.8258105346290098,
            0.18345914363468416
          ],
          "bootstrap_supportive_p_one_sided": 0.8532866783304174,
          "mannwhitney_p_two_sided": 0.7143330546484588
        }
      }
    },
    "posterior_broad_q33_q67": {
      "subset_label": "posterior_broad_q33_q67",
      "gamma_t_quantiles": [
        0.3333333333333333,
        0.6666666666666666
      ],
      "gamma_t_threshold_low": 0.8991635417393307,
      "gamma_t_threshold_high": 0.9092478030440456,
      "n_total": 61,
      "n_low": 21,
      "n_high": 21,
      "median_gamma_t_low": 0.895517491110021,
      "median_gamma_t_high": 0.9210338947514648,
      "raw_spearman_gamma_t_vs_dust2": {
        "rho": 0.33691168693812795,
        "p": 0.007929951305472985
      },
      "metrics": {
        "dust2": {
          "metric": "dust2",
          "n_low": 21,
          "n_high": 21,
          "low_median": 0.6159477235386897,
          "high_median": 0.8440056040914492,
          "low_weighted_mean": 0.5926315968009477,
          "high_weighted_mean": 0.801410103640191,
          "delta_weighted_high_minus_low": 0.20877850683924337,
          "bootstrap_ci_95": [
            0.02964547827647514,
            0.39517766818762284
          ],
          "bootstrap_supportive_p_one_sided": 0.011247188202949263,
          "mannwhitney_p_two_sided": 0.03913441955853052
        },
        "UV": {
          "metric": "UV",
          "n_low": 21,
          "n_high": 21,
          "low_median": 0.7448709562962677,
          "high_median": 0.921467341658829,
          "low_weighted_mean": 0.759437209219038,
          "high_weighted_mean": 1.036905479578094,
          "delta_weighted_high_minus_low": 0.2774682703590561,
          "bootstrap_ci_95": [
            0.07810525262750904,
            0.5039328395942169
          ],
          "bootstrap_supportive_p_one_sided": 0.0032491877030742314,
          "mannwhitney_p_two_sided": 0.023573092816297353
        },
        "VJ": {
          "metric": "VJ",
          "n_low": 21,
          "n_high": 21,
          "low_median": 0.4262650148262246,
          "high_median": 0.7669489272954557,
          "low_weighted_mean": 0.4664248295187974,
          "high_weighted_mean": 0.752549164707094,
          "delta_weighted_high_minus_low": 0.2861243351882966,
          "bootstrap_ci_95": [
            0.07761446875516359,
            0.5146273586743041
          ],
          "bootstrap_supportive_p_one_sided": 0.003999000249937516,
          "mannwhitney_p_two_sided": 0.026849069410328927
        }
      }
    },
    "posterior_broad_q25_q75": {
      "subset_label": "posterior_broad_q25_q75",