{
  "step": "step_147",
  "name": "Cosmic SFRD Correction",
  "surveys": {
    "UNCOVER": [
      {
        "z_lo": 6,
        "z_hi": 7,
        "z_mid": 6.5,
        "n": 372,
        "volume_Mpc3": 109317.38154306414,
        "sfrd_obs": 0.012614043263168211,
        "sfrd_corr_m05": 0.014423182932161965,
        "sfrd_corr_m07": 0.015332673259372159,
        "sfrd_lcdm_extrapolation": 0.021134890398366465,
        "sfrd_madau_dickinson": 0.01681608696324755,
        "log_sfrd_obs": -1.8991456838133662,
        "log_sfrd_corr": -1.8409388882063569,
        "log_sfrd_corr_m07": -1.8143821190804417,
        "log_sfrd_lcdm": -1.675,
        "excess_factor_obs": 0.5968350450562622,
        "excess_factor_corr": 0.6824347162584172,
        "sfrd_reduction_pct": -14.342266244450474,
        "mean_gamma_t": 0.5962219911098889,
        "mean_sfr_correction": 0.7716216481070683
      },
      {
        "z_lo": 7,
        "z_hi": 8,
        "z_mid": 7.5,
        "n": 221,
        "volume_Mpc3": 98190.83422864426,
        "sfrd_obs": 0.008531247342201991,
        "sfrd_corr_m05": 0.010506474936192382,
        "sfrd_corr_m07": 0.01143617158202197,
        "sfrd_lcdm_extrapolation": 0.009440608762859235,
        "sfrd_madau_dickinson": 0.011726093249474445,
        "log_sfrd_obs": -2.0689874665778683,
        "log_sfrd_corr": -1.9785429711794373,
        "log_sfrd_corr_m07": -1.941719337349872,
        "log_sfrd_lcdm": -2.025,
        "excess_factor_obs": 0.9036755527636302,
        "excess_factor_corr": 1.1129022714643597,
        "sfrd_reduction_pct": -23.152858131535158,
        "mean_gamma_t": 0.5728166970019263,
        "mean_sfr_correction": 0.7565958401638985
      },
      {
        "z_lo": 8,
        "z_hi": 9,
        "z_mid": 8.5,
        "n": 179,
        "volume_Mpc3": 88664.14015032409,
        "sfrd_obs": 0.024897093294223738,
        "sfrd_corr_m05": 0.021882591362145765,
        "sfrd_corr_m07": 0.021356928200383284,
        "sfrd_lcdm_extrapolation": 0.004216965034285823,
        "sfrd_madau_dickinson": 0.008502704242699735,
        "log_sfrd_obs": -1.603851353304511,
        "log_sfrd_corr": -1.6599012496310452,
        "log_sfrd_corr_m07": -1.6704612123906162,
        "log_sfrd_lcdm": -2.375,
        "excess_factor_obs": 5.9040312385327285,
        "excess_factor_corr": 5.1891801767931325,
        "sfrd_reduction_pct": 12.107846873744709,
        "mean_gamma_t": 0.5753416741192147,
        "mean_sfr_correction": 0.7542471869946455
      },
      {
        "z_lo": 9,
        "z_hi": 10,
        "z_mid": 9.5,
        "n": 104,
        "volume_Mpc3": 80503.5857569254,
        "sfrd_obs": 0.015701758119773392,
        "sfrd_corr_m05": 0.010518343772197075,
        "sfrd_corr_m07": 0.009721056060641036,
        "sfrd_lcdm_extrapolation": 0.0018836490894898021,
        "sfrd_madau_dickinson": 0.0063642712653969626,
        "log_sfrd_obs": -1.8040517170832644,
        "log_sfrd_corr": -1.9780526391958428,
        "log_sfrd_corr_m07": -2.0122865523169886,
        "log_sfrd_lcdm": -2.7249999999999996,
        "excess_factor_obs": 8.335819132865298,
        "excess_factor_corr": 5.584025087733317,
        "sfrd_reduction_pct": 33.01168129095549,
        "mean_gamma_t": 0.6105716924809029,
        "mean_sfr_correction": 0.7630790193726
      }
    ],
    "CEERS": [
      {
        "z_lo": 6,
        "z_hi": 7,
        "z_mid": 6.5,
        "n": 1835,
        "volume_Mpc3": 242927.5145401426,
        "sfrd_obs": 0.1497841808601926,
        "sfrd_corr_m05": 0.05522695465637404,
        "sfrd_corr_m07": 0.05349347580385999,
        "sfrd_lcdm_extrapolation": 0.021134890398366465,
        "sfrd_madau_dickinson": 0.01681608696324755,
        "log_sfrd_obs": -0.8245340513088022,
        "log_sfrd_corr": -1.2578489041309588,
        "log_sfrd_corr_m07": -1.2716991823743047,
        "log_sfrd_lcdm": -1.675,
        "excess_factor_obs": 7.0870573746514225,
        "excess_factor_corr": 2.613070312427198,
        "sfrd_reduction_pct": 63.128980417549926,
        "mean_gamma_t": 6.148156437017789e+21,
        "mean_sfr_correction": 1830435492.8099954
      },
      {
        "z_lo": 7,
        "z_hi": 8,
        "z_mid": 7.5,
        "n": 554,
        "volume_Mpc3": 218201.8538414319,
        "sfrd_obs": 0.042609034075141966,
        "sfrd_corr_m05": 0.033739086683598984,
        "sfrd_corr_m07": 0.032471766011556075,
        "sfrd_lcdm_extrapolation": 0.009440608762859235,
        "sfrd_madau_dickinson": 0.011726093249474445,
        "log_sfrd_obs": -1.3704983109201903,
        "log_sfrd_corr": -1.4718666779307044,
        "log_sfrd_corr_m07": -1.4884940911640452,
        "log_sfrd_lcdm": -2.025,
        "excess_factor_obs": 4.5133778070300155,
        "excess_factor_corr": 3.5738253253681678,
        "sfrd_reduction_pct": 20.817058128801126,
        "mean_gamma_t": 0.60169068503474,
        "mean_sfr_correction": 0.7671597014010494
      },
      {
        "z_lo": 8,
        "z_hi": 9,
        "z_mid": 8.5,
        "n": 382,
        "volume_Mpc3": 197031.4225562755,
        "sfrd_obs": 0.013482906925238071,
        "sfrd_corr_m05": 0.013668504561219165,
        "sfrd_corr_m07": 0.014070155813469702,
        "sfrd_lcdm_extrapolation": 0.004216965034285823,
        "sfrd_madau_dickinson": 0.008502704242699735,
        "log_sfrd_obs": -1.8702164634767697,
        "log_sfrd_corr": -1.8642789979659913,
        "log_sfrd_corr_m07": -1.8517010931441162,
        "log_sfrd_lcdm": -2.375,
        "excess_factor_obs": 3.1973010958392996,
        "excess_factor_corr": 3.2413132312191526,
        "sfrd_reduction_pct": -1.3765402150309303,
        "mean_gamma_t": 0.5578484872022438,
        "mean_sfr_correction": 0.7437152409656457
      },
      {
        "z_lo": 9,
        "z_hi": 10,
        "z_mid": 9.5,
        "n": 236,
        "volume_Mpc3": 178896.85723761236,
        "sfrd_obs": 0.02078518178664752,
        "sfrd_corr_m05": 0.018057708801429345,
        "sfrd_corr_m07": 0.017788883903103576,
        "sfrd_lcdm_extrapolation": 0.0018836490894898021,
        "sfrd_madau_dickinson": 0.0063642712653969626,
        "log_sfrd_obs": -1.6822461728131592,
        "log_sfrd_corr": -1.7433373546881163,
        "log_sfrd_corr_m07": -1.7498512992420374,
        "log_sfrd_lcdm": -2.7249999999999996,
        "excess_factor_obs": 11.034529681044422,
        "excess_factor_corr": 9.586556701131837,
        "sfrd_reduction_pct": 13.122199330343676,
        "mean_gamma_t": 1.0633137086385216,
        "mean_sfr_correction": 0.7934152988889238
      },
      {
        "z_lo": 10,
        "z_hi": 12,
        "z_mid": 11.0,
        "n": 269,
        "volume_Mpc3": 313094.72315809503,
        "sfrd_obs": 0.010613820284067748,
        "sfrd_corr_m05": 0.010983435955834701,
        "sfrd_corr_m07": 0.011227953001060883,
        "sfrd_lcdm_extrapolation": 0.0005623413251903491,
        "sfrd_madau_dickinson": 0.0043225674119272365,
        "log_sfrd_obs": -1.9741282702301364,
        "log_sfrd_corr": -1.9592617779889188,
        "log_sfrd_corr_m07": -1.9496994139412887,
        "log_sfrd_lcdm": -3.25,
        "excess_factor_obs": 18.874338073011145,
        "excess_factor_corr": 19.531618011742022,
        "sfrd_reduction_pct": -3.4823999453031718,
        "mean_gamma_t": 3.6603811515405795e+19,
        "mean_sfr_correction": 414141147.22182983
      }
    ]
  },
  "combined": [
    {
      "z_lo": 6,
      "z_hi": 7,
      "z_mid": 6.5,
      "n": 2207,
      "log_sfrd_obs": -0.9697479411451384,
      "log_sfrd_corr": -1.3709604718495962,
      "log_sfrd_corr_m07": -1.3803801131103677,
      "log_sfrd_lcdm": -1.675,
      "log_sfrd_md14": -1.7742750553857138,
      "excess_factor_obs": 5.072850444777064,
      "excess_factor_corr": 2.013907541202404,
      "sfrd_reduction_pct": 60.3002776619229
    },
    {
      "z_lo": 7,
      "z_hi": 8,
      "z_mid": 7.5,
      "n": 775,
      "log_sfrd_obs": -1.4944000919417322,
      "log_sfrd_corr": -1.5762796801963255,