{
  "step": "152",
  "name": "uncover_dr4_full_sps",
  "description": "UNCOVER DR4 Full SPS (MegaScience 20-band, Prospector-\u03b2)",
  "reference": "Wang et al. 2024; Suess et al. 2024; Price et al. 2025",
  "catalog_version": "DR4 (February 2025)",
  "n_total_catalog": 74020,
  "n_quality_z_gt_4": 2628,
  "n_z_gt_5": 1690,
  "n_z_gt_7": 860,
  "n_z_gt_8": 731,
  "n_zspec_quality": 203,
  "n_zspec_z_gt_4": 53,
  "n_zspec_z_gt_5": 35,
  "upgrade_factor_vs_step01": 1.1,
  "tep_signal_photoz": {
    "dust2_z_gt_4": {
      "N": 2628,
      "rho": -0.07369280029739837,
      "p": 0.0001561156829995304,
      "p_formatted": 0.0001561156829995304
    },
    "dust2_z_gt_5": {
      "N": 1690,
      "rho": -0.007012216528693372,
      "p": 0.7733010132993337,
      "p_formatted": 0.7733010132993337
    },
    "dust2_z_gt_7": {
      "N": 860,
      "rho": 0.17093184090926458,
      "p": 4.5931981547925604e-07,
      "p_formatted": 4.5931981547925604e-07
    },
    "dust2_z_gt_8": {
      "N": 731,
      "rho": 0.1684903243882066,
      "p": 4.639438885884817e-06,
      "p_formatted": 4.639438885884817e-06
    },
    "mwa_z_gt_4": {
      "N": 2628,
      "rho": 0.3141505222754108,
      "p": 2.7738294119570272e-61,
      "p_formatted": 2.7738294119570272e-61
    },
    "mwa_z_gt_7": {
      "N": 860,
      "rho": 0.12433429592283463,
      "p": 0.0002570961238038973,
      "p_formatted": 0.0002570961238038973
    },
    "met_z_gt_4": {
      "N": 2628,
      "rho": -0.05467450583403366,
      "p": 0.005053575537082149,
      "p_formatted": 0.005053575537082149
    },
    "dust2_partial_z_gt_4": {
      "N": 2628,
      "rho_partial": 0.29233609430051455,
      "p": 6.074712721774786e-53,
      "p_formatted": 6.074712721774786e-53,
      "note": "Partial rho(Gamma_t, dust2 | M*, z) \u2014 mass+z controlled"
    },
    "dust2_redshift_bins": [
      {
        "z_bin": "4-5",
        "z_mid": 4.5,
        "N": 938,
        "rho": 0.022961256314659374,
        "p": 0.48243949547892817,
        "p_formatted": 0.48243949547892817
      },
      {
        "z_bin": "5-6",
        "z_mid": 5.5,
        "N": 505,
        "rho": 0.00984144998350767,
        "p": 0.825391148279182,
        "p_formatted": 0.825391148279182
      },
      {
        "z_bin": "6-7",
        "z_mid": 6.5,
        "N": 325,
        "rho": -0.051892052505549444,
        "p": 0.351067207967384,
        "p_formatted": 0.351067207967384
      },
      {
        "z_bin": "7-8",
        "z_mid": 7.5,
        "N": 129,
        "rho": 0.37060599284436496,
        "p": 1.53724171485716e-05,
        "p_formatted": 1.53724171485716e-05
      },
      {
        "z_bin": "8-9",
        "z_mid": 8.5,
        "N": 66,
        "rho": 0.5252687610896567,
        "p": 5.94742286188004e-06,
        "p_formatted": 5.94742286188004e-06
      },
      {
        "z_bin": "9-12",
        "z_mid": 10.5,
        "N": 122,
        "rho": -0.0010210791716371303,
        "p": 0.991094128444326,
        "p_formatted": 0.991094128444326
      }
    ],
    "agb_threshold": {
      "N_above": 2131,
      "N_below": 497,
      "median_dust2_above": 0.2117556133389987,
      "median_dust2_below": 0.4193382698387851,
      "dust2_ratio": 0.5049756451287127,
      "mannwhitney_p": 1.0,
      "p_formatted": 1.0
    }
  },
  "tep_signal_zspec": {
    "dust2_z_gt_2": {
      "N": 161,
      "rho": 0.5371031746031746,
      "p": 2.0557305408427664e-13,
      "p_formatted": 2.0557305408427664e-13,
      "note": "Spec-z fixed Prospector SED fit"
    },
    "dust2_z_gt_4": {
      "N": 53,
      "rho": 0.5756329624254153,
      "p": 6.5036109061840825e-06,
      "p_formatted": 6.5036109061840825e-06,
      "note": "Spec-z fixed Prospector SED fit"
    },
    "dust2_z_gt_5": {
      "N": 35,
      "rho": 0.6700280112044819,
      "p": 1.068987777122306e-05,
      "p_formatted": 1.068987777122306e-05,
      "note": "Spec-z fixed Prospector SED fit"
    }
  }
}