{
  "offset": {
    "n_galaxies": 16,
    "mean_offset": 0.054374999999999396,
    "std_offset": 0.014127396551854417,
    "sem_offset": 0.003531849137963604,
    "weighted_mean": 0.05296482496391812,
    "weighted_err": 0.01793046446497006,
    "t_statistic": 15.395617954211648,
    "p_value": 1.3435044068763005e-10,
    "significance_sigma": 15.395617954211648
  },
  "mass_correlation": {
    "spearman_rho": -0.14504754485877897,
    "spearman_p": 0.5919759078365217,
    "pearson_r": -0.3375809397720207,
    "pearson_p": 0.20099267826705466,
    "slope": -0.012239297475301128,
    "slope_err": 0.009120969439429893,
    "intercept": 0.18181668496157238,
    "low_mass_mean": 0.05749999999999922,
    "high_mass_mean": 0.051249999999999574
  },
  "morphology": {
    "spearman_rho": 0.1675742320433837,
    "spearman_p": 0.5350368334345333,
    "early_type_mean": 0.053999999999998494,
    "late_type_mean": 0.05454545454545435
  },
  "tep_prediction": {
    "sigma_disk": 40.0,
    "sigma_halo": 120.0,
    "delta_mu_cepheid": -0.04339401977612476,
    "delta_mu_trgb": 0.0933284191117439,
    "predicted_offset": 0.13672243888786867,
    "observed_offset": 0.054374999999999396,
    "observed_err": 0.003531849137963604,
    "ratio": 0.39770355504405847,
    "gamma_t_implied": 1.098841016391219,
    "period_contraction_pct": 8.995024295309772
  }
}