{
  "step": "133",
  "name": "hubble_connection",
  "status": "SUCCESS",
  "description": "TEP connection to Hubble tension and S8 tension",
  "h0_planck": 67.4,
  "h0_shoes": 73.04,
  "h0_tension_sigma": 5.0,
  "h0_tep_prediction": 67.21037009396383,
  "h0_tep_uncertainty": 0.0,
  "h0_tension_explained_frac": -0.03362232376527907,
  "gamma_t_cepheid_hosts": 0.9943809156036392,
  "h0_correction_factor": 0.9971864999104426,
  "s8_planck": 0.832,
  "s8_kids": 0.766,
  "s8_tep_prediction": 0.839274156999795,
  "s8_tension_explained_frac": -0.11021449999689481,
  "gamma_t_field_z03": 0.9714003434331733,
  "conclusion": "TEP predicts H0_local = 67.2 +/- 0.0 km/s/Mpc, explaining -3% of the H0 tension. S8 tension partially resolved: S8_WL(TEP) = 0.839 vs KiDS = 0.766."
}