{
  "n_total": 2315,
  "predictive_power": {
    "dust_prediction": {
      "r2_mass": 0.46252250389271865,
      "r2_gamma": 0.16367137029911127,
      "r2_teff": 0.18856867297933888,
      "r2_both": 0.46304256359997387,
      "gamma_adds": 0.000520059707255216
    },
    "cv_prediction": {
      "mean_r2": 0.040510820890776976,
      "std_r2": 0.2505389504106217
    },
    "oos_prediction": {
      "n_train": 179,
      "n_test": 104,
      "r2_oos": -0.40806354591830196,
      "rmse_oos": 0.6465315985380642
    },
    "feature_importance": {
      "log_Mstar": 0.3085248373559748,
      "gamma_t": 0.3087267419140161,
      "t_eff": 0.38274842073000925
    },
    "null_comparison": {
      "r2_null": 0.0,
      "r2_tep": 0.16367137029911127,
      "improvement": 0.16367137029911127
    }
  }
}