{
  "agb_threshold": {
    "n_above": 178,
    "n_below": 105,
    "mean_dust_above": 0.8791619441273731,
    "mean_dust_below": 0.6469306889841783,
    "ratio": 1.3589739350715428,
    "p_value": 0.009215020635440333,
    "cohens_d": 0.4334594132472328,
    "status": "confirmed"
  },
  "cosmic_time_control": {
    "rho_raw": 0.21624922832234364,
    "p_raw": 0.0002471101718732487,
    "rho_partial": 0.4297412250655638,
    "p_partial": 3.795294856877563e-14,
    "status": "confirmed"
  },
  "mass_independence": {
    "mass_median": 8.3810337157992,
    "low_mass": {
      "n": 141,
      "rho": 0.41536024658589826,
      "p": 3.0305406155070346e-07
    },
    "high_mass": {
      "n": 142,
      "rho": 0.053640994905603846,
      "p": 0.5260722170883896
    },
    "both_positive": true,
    "status": "confirmed"
  },
  "redshift_gradient": {
    "bins": [
      {
        "z_range": "[8, 8.5)",
        "n": 107,
        "rho": 0.3246634926232881,
        "p": 0.0006453270550696243
      },
      {
        "z_range": "[8.5, 9)",
        "n": 72,
        "rho": 0.5293909576178534,
        "p": 1.741749100840754e-06
      },
      {
        "z_range": "[9, 10)",
        "n": 104,
        "rho": 0.7161421103168676,
        "p": 1.282507332029649e-17
      }
    ],
    "status": "confirmed"
  },
  "summary": {
    "tests_passed": 4,
    "total_tests": 4,
    "overall_status": "strong"
  }
}