{
  "step": "Step 144: Adversarial Machine Learning Attack on TEP",
  "description": "Give a gradient-boosted ML model every available feature and let it learn ANY function to predict dust. Then add Gamma_t. If Gamma_t provides measurable lift, it encodes information no function of standard features can replicate.",
  "surveys_loaded": {
    "UNCOVER": 2315,
    "CEERS": 10300,
    "COSMOS-Web": 50057
  },
  "test_1_within_survey": {
    "n": 2315,
    "feature_sets": {
      "mass_z_poly": {
        "features": [
          "log_mstar",
          "z",
          "mstar_z",
          "mstar_sq",
          "z_sq",
          "mstar_z_sq",
          "mstar_sq_z",
          "mstar_cu"
        ],
        "n_features": 8,
        "models": {
          "GBR": {
            "R2_mean": 0.2351594357390563,
            "R2_std": 0.1259556329155496,
            "RMSE_mean": 0.4094464191680899,
            "RMSE_std": 0.03943108527905611,
            "rho_mean": 0.35748491124005016,
            "rho_std": 0.02435921334104931
          },
          "RF": {
            "R2_mean": 0.29285644394166555,
            "R2_std": 0.12220973453465984,
            "RMSE_mean": 0.3940509188998317,
            "RMSE_std": 0.04527903582021407,
            "rho_mean": 0.3999397631436887,
            "rho_std": 0.04195237978779089
          },
          "Ridge": {
            "R2_mean": 0.2348479360781281,
            "R2_std": 0.11770235113270426,
            "RMSE_mean": 0.4124222949061844,
            "RMSE_std": 0.06049827146045414,
            "rho_mean": 0.3930329613039823,
            "rho_std": 0.06727605069189811
          }
        }
      },
      "mass_z_poly+extras": {
        "features": [
          "log_mstar",
          "z",
          "mstar_z",
          "mstar_sq",
          "z_sq",
          "mstar_z_sq",
          "mstar_sq_z",
          "mstar_cu",
          "sfr",
          "ssfr",
          "met",
          "mwa"
        ],
        "n_features": 12,
        "models": {
          "GBR": {
            "R2_mean": 0.5624697330275908,
            "R2_std": 0.10007393639110654,
            "RMSE_mean": 0.3096409567914802,
            "RMSE_std": 0.04913924958186969,
            "rho_mean": 0.6857361693196206,
            "rho_std": 0.018740377853940435
          },
          "RF": {
            "R2_mean": 0.552635314595968,
            "R2_std": 0.07034919257252897,
            "RMSE_mean": 0.3139204428203469,
            "RMSE_std": 0.037589182922097106,
            "rho_mean": 0.6872343103715559,
            "rho_std": 0.017715694345445166
          },
          "Ridge": {
            "R2_mean": 0.23542296304609742,
            "R2_std": 0.15774699346006354,
            "RMSE_mean": 0.4122134977870062,
            "RMSE_std": 0.07192312018092062,
            "rho_mean": 0.45999812357152037,
            "rho_std": 0.050596507622189237
          }
        }
      },
      "mass_z_poly+gamma_t": {
        "features": [
          "log_mstar",
          "z",
          "mstar_z",
          "mstar_sq",
          "z_sq",
          "mstar_z_sq",
          "mstar_sq_z",
          "mstar_cu",
          "gamma_t",
          "log_gamma_t"
        ],
        "n_features": 10,
        "models": {
          "GBR": {
            "R2_mean": 0.2291837009316287,
            "R2_std": 0.12611013400276175,
            "RMSE_mean": 0.41088740596047246,
            "RMSE_std": 0.036697394482760465,
            "rho_mean": 0.3469602184085795,
            "rho_std": 0.026984158144873597
          },
          "RF": {
            "R2_mean": 0.2903001188204838,
            "R2_std": 0.11951666874994087,
            "RMSE_mean": 0.39493725032441207,
            "RMSE_std": 0.04572677887589502,
            "rho_mean": 0.39810538578551824,
            "rho_std": 0.04514948764364664
          },
          "Ridge": {
            "R2_mean": 0.23492949215225992,
            "R2_std": 0.12954262951659698,
            "RMSE_mean": 0.41223710181155787,
            "RMSE_std": 0.06303766938518654,
            "rho_mean": 0.3944796489724619,
            "rho_std": 0.06666473866631141
          }
        }
      },
      "mass_z_poly+extras+gamma_t": {
        "features": [
          "log_mstar",
          "z",
          "mstar_z",
          "mstar_sq",
          "z_sq",
          "mstar_z_sq",
          "mstar_sq_z",
          "mstar_cu",
          "sfr",
          "ssfr",
          "met",
          "mwa",
          "gamma_t",
          "log_gamma_t"
        ],
        "n_features": 14,
        "models": {
          "GBR": {
            "R2_mean": 0.5460793855376261,
            "R2_std": 0.10509391675648713,
            "RMSE_mean": 0.3165668695472471,
            "RMSE_std": 0.05553242843685889,
            "rho_mean": 0.6829719435253059,
            "rho_std": 0.016793547534016198
          },
          "RF": {
            "R2_mean": 0.5368757858003149,
            "R2_std": 0.0760973929718091,
            "RMSE_mean": 0.31921450253521355,
            "RMSE_std": 0.03824990368672569,
            "rho_mean": 0.6861108065955028,
            "rho_std": 0.016957254686278518
          },
          "Ridge": {
            "R2_mean": 0.2866458605668646,
            "R2_std": 0.11630562942766291,
            "RMSE_mean": 0.39771479009553035,
            "RMSE_std": 0.05758508406514516,
            "rho_mean": 0.46652954552708775,
            "rho_std": 0.04652178489398974
          }
        }
      },
      "gamma_t_only": {
        "features": [
          "gamma_t",
          "log_gamma_t"
        ],
        "n_features": 2,
        "models": {
          "GBR": {
            "R2_mean": -0.053210574633257623,
            "R2_std": 0.047751358811033165,
            "RMSE_mean": 0.4838865863291811,
            "RMSE_std": 0.047183454718793615,
            "rho_mean": 0.22908425947242975,
            "rho_std": 0.04532073723982749
          },
          "RF": {
            "R2_mean": 0.06205757062116533,
            "R2_std": 0.03870181327757684,
            "RMSE_mean": 0.4566232853681482,
            "RMSE_std": 0.04453012683835017,
            "rho_mean": 0.25647471419104045,
            "rho_std": 0.04030136866083156
          },
          "Ridge": {
            "R2_mean": -0.05839649175223989,
            "R2_std": 0.22271973206702717,
            "RMSE_mean": 0.48540075582437003,
            "RMSE_std": 0.08726801904535222,
            "rho_mean": -0.19969725664221827,
            "rho_std": 0.04552328587322169
          }
        }
      },
      "mass_only": {
        "features": [
          "log_mstar"
        ],
        "n_features": 1,
        "models": {
          "GBR": {
            "R2_mean": -0.14818175758530092,
            "R2_std": 0.05604673222907869,
            "RMSE_mean": 0.5050026471158009,
            "RMSE_std": 0.04720181442695217,
            "rho_mean": 0.008269933302162465,
            "rho_std": 0.021147459244920373
          },
          "RF": {
            "R2_mean": -0.009049682628014154,
            "R2_std": 0.034239046085627944,
            "RMSE_mean": 0.47365607856684366,
            "RMSE_std": 0.045434208899674575,
            "rho_mean": 0.0386196550327737,
            "rho_std": 0.03478778966395929
          },
          "Ridge": {
            "R2_mean": 0.038365814665529796,
            "R2_std": 0.025723473359083582,
            "RMSE_mean": 0.4620334220896412,
            "RMSE_std": 0.03981050169393468,
            "rho_mean": 0.026640665880630125,
            "rho_std": 0.040790561944280726
          }
        }
      },
      "z_only": {
        "features": [
          "z"
        ],
        "n_features": 1,
        "models": {
          "GBR": {
            "R2_mean": -0.04989087531991097,
            "R2_std": 0.09352392444467898,
            "RMSE_mean": 0.48138412452638946,
            "RMSE_std": 0.035166528305786225,
            "rho_mean": 0.307940579769255,
            "rho_std": 0.03799067380481452
          },