{
  "step": "Step 144: Adversarial Machine Learning Attack on TEP",
  "description": "Give a gradient-boosted ML model every available feature and let it learn ANY function to predict dust. Then add Gamma_t. If Gamma_t provides measurable lift, it encodes information no function of standard features can replicate.",
  "surveys_loaded": {
    "UNCOVER": 2315,
    "CEERS": 10300,
    "COSMOS-Web": 50057
  },
  "test_1_within_survey": {
    "n": 2315,
    "feature_sets": {
      "mass_z_poly": {
        "features": [
          "log_mstar",
          "z",
          "mstar_z",
          "mstar_sq",
          "z_sq",
          "mstar_z_sq",
          "mstar_sq_z",
          "mstar_cu"
        ],
        "n_features": 8,
        "models": {
          "GBR": {
            "R2_mean": 0.2351594357390563,
            "R2_std": 0.1259556329155496,
            "RMSE_mean": 0.4094464191680899,
            "RMSE_std": 0.03943108527905611,
            "rho_mean": 0.35748491124005016,
            "rho_std": 0.02435921334104931
          },
          "RF": {
            "R2_mean": 0.29285644394166555,
            "R2_std": 0.12220973453465984,
            "RMSE_mean": 0.3940509188998317,
            "RMSE_std": 0.04527903582021407,
            "rho_mean": 0.3999397631436887,
            "rho_std": 0.04195237978779089
          },
          "Ridge": {
            "R2_mean": 0.2348479360781281,
            "R2_std": 0.11770235113270426,
            "RMSE_mean": 0.4124222949061844,
            "RMSE_std": 0.06049827146045414,
            "rho_mean": 0.3930329613039823,
            "rho_std": 0.06727605069189811
          }
        }
      },
      "mass_z_poly+extras": {
        "features": [
          "log_mstar",
          "z",
          "mstar_z",
          "mstar_sq",
          "z_sq",
          "mstar_z_sq",
          "mstar_sq_z",
          "mstar_cu",
          "sfr",
          "ssfr",
          "met",
          "mwa"
        ],
        "n_features": 12,
        "models": {
          "GBR": {
            "R2_mean": 0.5624697330275908,
            "R2_std": 0.10007393639110654,
            "RMSE_mean": 0.3096409567914802,
            "RMSE_std": 0.04913924958186969,
            "rho_mean": 0.6857361693196206,
            "rho_std": 0.018740377853940435
          },
          "RF": {
            "R2_mean": 0.552635314595968,
            "R2_std": 0.07034919257252897,
            "RMSE_mean": 0.3139204428203469,
            "RMSE_std": 0.037589182922097106,
            "rho_mean": 0.6872343103715559,
            "rho_std": 0.017715694345445166
          },
          "Ridge": {
            "R2_mean": 0.23542296304609742,
            "R2_std": 0.15774699346006354,
            "RMSE_mean": 0.4122134977870062,
            "RMSE_std": 0.07192312018092062,
            "rho_mean": 0.45999812357152037,
            "rho_std": 0.050596507622189237
          }
        }
      },
      "mass_z_poly+gamma_t": {
        "features": [
          "log_mstar",
          "z",
          "mstar_z",
          "mstar_sq",
          "z_sq",
          "mstar_z_sq",
          "mstar_sq_z",
          "mstar_cu",
          "gamma_t",
          "log_gamma_t"
        ],
        "n_features": 10,
        "models": {
          "GBR": {
            "R2_mean": 0.22785086996900708,
            "R2_std": 0.11469270633601857,
            "RMSE_mean": 0.4120415822550426,
            "RMSE_std": 0.040406138141803306,
            "rho_mean": 0.3470529437257374,
            "rho_std": 0.040430959654465484
          },
          "RF": {
            "R2_mean": 0.2832087978368572,
            "R2_std": 0.12296871367535629,
            "RMSE_mean": 0.3970964304628651,
            "RMSE_std": 0.048829948930168364,
            "rho_mean": 0.3935396495371727,
            "rho_std": 0.04697325956622464
          },
          "Ridge": {
            "R2_mean": 0.23866790022498313,
            "R2_std": 0.12238533349972058,
            "RMSE_mean": 0.4111989335909675,
            "RMSE_std": 0.06078791982098513,
            "rho_mean": 0.3914787900711785,
            "rho_std": 0.06603195163357506
          }
        }
      },
      "mass_z_poly+extras+gamma_t": {
        "features": [
          "log_mstar",
          "z",
          "mstar_z",
          "mstar_sq",
          "z_sq",
          "mstar_z_sq",
          "mstar_sq_z",
          "mstar_cu",
          "sfr",
          "ssfr",
          "met",
          "mwa",
          "gamma_t",
          "log_gamma_t"
        ],
        "n_features": 14,
        "models": {
          "GBR": {
            "R2_mean": 0.5569736145196814,
            "R2_std": 0.09072536198924491,
            "RMSE_mean": 0.3127048044920608,
            "RMSE_std": 0.04917780348084129,
            "rho_mean": 0.6774646742994103,
            "rho_std": 0.016159924777317897
          },
          "RF": {
            "R2_mean": 0.5438355827318111,
            "R2_std": 0.0743362978783409,
            "RMSE_mean": 0.31754564184244694,
            "RMSE_std": 0.043437383705042736,
            "rho_mean": 0.6872330204278323,
            "rho_std": 0.017441258016810582
          },
          "Ridge": {
            "R2_mean": 0.20716926256856721,
            "R2_std": 0.2325968893376734,
            "RMSE_mean": 0.41876114167865114,
            "RMSE_std": 0.0899727580368763,
            "rho_mean": 0.4562181115971984,
            "rho_std": 0.055150075870444466
          }
        }
      },
      "gamma_t_only": {
        "features": [
          "gamma_t",
          "log_gamma_t"
        ],
        "n_features": 2,
        "models": {
          "GBR": {
            "R2_mean": -0.01293200831639758,
            "R2_std": 0.12272970851017659,
            "RMSE_mean": 0.47342828198316356,
            "RMSE_std": 0.05264983448282707,
            "rho_mean": 0.19098779121394502,
            "rho_std": 0.03229258772542442
          },
          "RF": {
            "R2_mean": 0.10740893613570952,
            "R2_std": 0.1174338884840504,
            "RMSE_mean": 0.4452056759101942,
            "RMSE_std": 0.05841117897244264,
            "rho_mean": 0.21334378879804095,
            "rho_std": 0.04226341441681136
          },
          "Ridge": {
            "R2_mean": -0.24843166481011894,
            "R2_std": 0.5892187716387206,
            "RMSE_mean": 0.5219699055206716,
            "RMSE_std": 0.15616025924437646,
            "rho_mean": -0.1063071452268592,
            "rho_std": 0.059822253203205666
          }
        }
      },
      "mass_only": {
        "features": [
          "log_mstar"
        ],
        "n_features": 1,
        "models": {
          "GBR": {
            "R2_mean": -0.14818175758530092,
            "R2_std": 0.05604673222907869,
            "RMSE_mean": 0.5050026471158009,
            "RMSE_std": 0.04720181442695217,
            "rho_mean": 0.008269933302162465,
            "rho_std": 0.021147459244920373
          },
          "RF": {
            "R2_mean": -0.009049682628014154,
            "R2_std": 0.034239046085627944,
            "RMSE_mean": 0.47365607856684366,
            "RMSE_std": 0.045434208899674575,
            "rho_mean": 0.0386196550327737,
            "rho_std": 0.03478778966395929
          },
          "Ridge": {
            "R2_mean": 0.038365814665529796,
            "R2_std": 0.025723473359083582,
            "RMSE_mean": 0.4620334220896412,
            "RMSE_std": 0.03981050169393468,
            "rho_mean": 0.026640665880630125,
            "rho_std": 0.040790561944280726
          }
        }
      },
      "z_only": {
        "features": [
          "z"
        ],
        "n_features": 1,
        "models": {
          "GBR": {
            "R2_mean": -0.04989087531991097,
            "R2_std": 0.09352392444467898,
            "RMSE_mean": 0.48138412452638946,
            "RMSE_std": 0.035166528305786225,
            "rho_mean": 0.307940579769255,
            "rho_std": 0.03799067380481452
          },