{
  "step": "007",
  "name": "thread6_7_coherence",
  "thread6_age_metallicity": {
    "test": "Thread 6: Age-Metallicity Coherence",
    "n": 1108,
    "rho": 0.3308190995664502,
    "p": 1.0486667323447951e-29,
    "ci_95": [
      0.2667979298867693,
      0.38753421311259173
    ],
    "significant": true,
    "interpretation": "Older \u2192 more enriched (TEP consistent)"
  },
  "thread7_multi_property": {
    "test": "Thread 7: Multi-Property Split Test",
    "n": 1108,
    "gamma_median": 0.6340092838054383,
    "properties": {
      "age_ratio": {
        "mean_low_gamma": 0.13342928382137856,
        "mean_high_gamma": 0.1669863677337453,
        "diff": 0.03355708391236675,
        "p": 6.325271609580192e-16,
        "significant": true
      },
      "metallicity": {
        "mean_low_gamma": -1.2720433126430737,
        "mean_high_gamma": -1.048921363590981,
        "diff": 0.2231219490520926,
        "p": 4.140947214204659e-16,
        "significant": true
      },
      "dust": {
        "mean_low_gamma": 0.2543495416691087,
        "mean_high_gamma": 0.30181798406255833,
        "diff": 0.047468442393449606,
        "p": 1.6801535439863338e-06,
        "significant": true
      }
    },
    "all_significant": true,
    "interpretation": "TEP signature confirmed"
  }
}