{
  "step": "005",
  "name": "thread2_4_partial_correlations",
  "thread2_gamma_age": {
    "test": "Thread 2: \u0393_t vs Age Ratio",
    "n": 2315,
    "raw_rho": 0.019377853966021305,
    "raw_p": 0.35136822260136824,
    "partial_rho": 0.07229474213217335,
    "partial_p": 0.0004993618150221883,
    "ci_95": [
      0.02426834077873719,
      0.11631712125628725
    ],
    "partial_rho_double": -0.07442210709326635,
    "partial_p_double": 0.0003386117430860236,
    "ci_95_double": [
      -0.11897427191270338,
      -0.030097982377421627
    ],
    "significant": true,
    "significant_double": true,
    "interpretation": "Enhanced time \u2192 older appearance"
  },
  "thread3_gamma_metallicity": {
    "test": "Thread 3: \u0393_t vs Metallicity",
    "n": 1108,
    "raw_rho": 0.24550162081751223,
    "raw_p": 1.1335533050118366e-16,
    "partial_rho": 0.17492174615801298,
    "partial_p": 4.594535946408525e-09,
    "ci_95": [
      0.11567553765805465,
      0.23764608054131833
    ],
    "partial_rho_double": 0.011150045395016964,
    "partial_p_double": 0.710831140003376,
    "ci_95_double": [
      -0.06175796745931564,
      0.08285097070042288
    ],
    "significant": true,
    "significant_double": false,
    "interpretation": "Enhanced time \u2192 more enrichment"
  },
  "thread4_gamma_dust": {
    "test": "Thread 4: \u0393_t vs Dust",
    "n": 1108,
    "raw_rho": 0.2963386267314608,
    "raw_p": 6.755190101338364e-24,
    "partial_rho": 0.32679299230787867,
    "partial_p": 5.480455424318636e-29,
    "ci_95": [
      0.2637508394304225,
      0.38046259116473136
    ],
    "partial_rho_double": 0.05407061962695971,
    "partial_p_double": 0.07200071524477553,
    "ci_95_double": [
      -0.014374771231933836,
      0.11979799546468099
    ],
    "significant": true,
    "significant_double": false,
    "interpretation": "Enhanced time \u2192 more dust processing"
  }
}