{
  "step": "step_173",
  "name": "Cosmic SFRD Correction",
  "surveys": {
    "UNCOVER": [
      {
        "z_lo": 6,
        "z_hi": 7,
        "z_mid": 6.5,
        "n": 372,
        "volume_Mpc3": 109137.75765838375,
        "sfrd_obs": 0.012634804029204371,
        "sfrd_corr_m05": 0.009540818655984608,
        "sfrd_corr_m07": 0.009167551650115105,
        "sfrd_lcdm_extrapolation": 0.021134890398366465,
        "sfrd_madau_dickinson": 0.01681608696324755,
        "log_sfrd_obs": -1.8984314897705952,
        "log_sfrd_corr": -2.0204143587840933,
        "log_sfrd_corr_m07": -2.0377466345392397,
        "log_sfrd_lcdm": -1.675,
        "excess_factor_obs": 0.5978173433149635,
        "excess_factor_corr": 0.4514250358602298,
        "sfrd_reduction_pct": 24.48779867157619,
        "mean_gamma_t": 0.8248243265264709,
        "mean_sfr_correction": 0.8648343778568034
      },
      {
        "z_lo": 7,
        "z_hi": 8,
        "z_mid": 7.5,
        "n": 221,
        "volume_Mpc3": 98031.40254711048,
        "sfrd_obs": 0.008545121989243731,
        "sfrd_corr_m05": 0.005907117166197229,
        "sfrd_corr_m07": 0.005565775455099123,
        "sfrd_lcdm_extrapolation": 0.009440608762859235,
        "sfrd_madau_dickinson": 0.011726093249474445,
        "log_sfrd_obs": -2.068281732957611,
        "log_sfrd_corr": -2.228624414933945,
        "log_sfrd_corr_m07": -2.254474318767068,
        "log_sfrd_lcdm": -2.025,
        "excess_factor_obs": 0.9051452299200786,
        "excess_factor_corr": 0.6257135863353124,
        "sfrd_reduction_pct": 30.871470604716013,
        "mean_gamma_t": 0.931990458024173,
        "mean_sfr_correction": 0.8898206365487162
      },
      {
        "z_lo": 8,
        "z_hi": 9,
        "z_mid": 8.5,
        "n": 179,
        "volume_Mpc3": 88524.92901997165,
        "sfrd_obs": 0.024936245570744597,
        "sfrd_corr_m05": 0.00725436832362727,
        "sfrd_corr_m07": 0.005655142322939066,
        "sfrd_lcdm_extrapolation": 0.004216965034285823,
        "sfrd_madau_dickinson": 0.008502704242699735,
        "log_sfrd_obs": -1.603168933802513,
        "log_sfrd_corr": -2.1394003979066754,
        "log_sfrd_corr_m07": -2.2475564607138945,
        "log_sfrd_lcdm": -2.375,
        "excess_factor_obs": 5.913315706438564,
        "excess_factor_corr": 1.7202818293834528,
        "sfrd_reduction_pct": 70.90833781273733,
        "mean_gamma_t": 1.959194607143234,
        "mean_sfr_correction": 1.051589978626808
      },
      {
        "z_lo": 9,
        "z_hi": 10,
        "z_mid": 9.5,
        "n": 104,
        "volume_Mpc3": 80383.33307644447,
        "sfrd_obs": 0.015725247796425274,
        "sfrd_corr_m05": 0.0034441845600920997,
        "sfrd_corr_m07": 0.002765230955592542,
        "sfrd_lcdm_extrapolation": 0.0018836490894898021,
        "sfrd_madau_dickinson": 0.0063642712653969626,
        "log_sfrd_obs": -1.8034025022723772,
        "log_sfrd_corr": -2.4629135844884207,
        "log_sfrd_corr_m07": -2.5582685900191082,
        "log_sfrd_lcdm": -2.7249999999999996,
        "excess_factor_obs": 8.3482894367998,
        "excess_factor_corr": 1.828464006013444,
        "sfrd_reduction_pct": 78.09774062272618,
        "mean_gamma_t": 7.028246858941331,
        "mean_sfr_correction": 1.6175703746449792
      }
    ],
    "CEERS": [
      {
        "z_lo": 6,
        "z_hi": 7,
        "z_mid": 6.5,
        "n": 1835,
        "volume_Mpc3": 242528.35035196386,
        "sfrd_obs": 0.150030702476607,
        "sfrd_corr_m05": 0.046987703867634296,
        "sfrd_corr_m07": 0.03865111588450851,
        "sfrd_lcdm_extrapolation": 0.021134890398366465,
        "sfrd_madau_dickinson": 0.01681608696324755,
        "log_sfrd_obs": -0.8238198572660308,
        "log_sfrd_corr": -1.3280157769813172,
        "log_sfrd_corr_m07": -1.4128379631819117,
        "log_sfrd_lcdm": -1.675,
        "excess_factor_obs": 7.098721575968192,
        "excess_factor_corr": 2.2232291240680397,
        "sfrd_reduction_pct": 68.6812745044897,
        "mean_gamma_t": 0.8245589039319113,
        "mean_sfr_correction": 0.6346169342915183
      },
      {
        "z_lo": 7,
        "z_hi": 8,
        "z_mid": 7.5,
        "n": 554,
        "volume_Mpc3": 217847.56121580108,
        "sfrd_obs": 0.0426783305431576,
        "sfrd_corr_m05": 0.015767566767173627,
        "sfrd_corr_m07": 0.013119535313721446,
        "sfrd_lcdm_extrapolation": 0.009440608762859235,
        "sfrd_madau_dickinson": 0.011726093249474445,
        "log_sfrd_obs": -1.3697925772999326,
        "log_sfrd_corr": -1.8022353213269569,
        "log_sfrd_corr_m07": -1.8820815471448522,
        "log_sfrd_lcdm": -2.025,
        "excess_factor_obs": 4.5207180612187345,
        "excess_factor_corr": 1.6701853835110283,
        "sfrd_reduction_pct": 63.054865158727345,
        "mean_gamma_t": 1.1179703756733295,
        "mean_sfr_correction": 0.7429471179457116
      },
      {
        "z_lo": 8,
        "z_hi": 9,
        "z_mid": 8.5,
        "n": 382,
        "volume_Mpc3": 196722.06448882588,
        "sfrd_obs": 0.013504109661396991,
        "sfrd_corr_m05": 0.005935552683241017,
        "sfrd_corr_m07": 0.005505158651906513,
        "sfrd_lcdm_extrapolation": 0.004216965034285823,
        "sfrd_madau_dickinson": 0.008502704242699735,
        "log_sfrd_obs": -1.8695340439747725,
        "log_sfrd_corr": -2.2265388359163802,
        "log_sfrd_corr_m07": -2.25923016067866,
        "log_sfrd_lcdm": -2.375,
        "excess_factor_obs": 3.202329056940834,
        "excess_factor_corr": 1.407541356160723,
        "sfrd_reduction_pct": 56.046323437312886,
        "mean_gamma_t": 0.8550290280744806,
        "mean_sfr_correction": 0.5364162367481967
      },
      {
        "z_lo": 9,
        "z_hi": 10,
        "z_mid": 9.5,
        "n": 236,
        "volume_Mpc3": 178629.62905876548,
        "sfrd_obs": 0.020816276215411184,
        "sfrd_corr_m05": 0.004339925390531576,
        "sfrd_corr_m07": 0.0032942936618999864,
        "sfrd_lcdm_extrapolation": 0.0018836490894898021,
        "sfrd_madau_dickinson": 0.0063642712653969626,
        "log_sfrd_obs": -1.6815969580022714,
        "log_sfrd_corr": -2.362517736560981,
        "log_sfrd_corr_m07": -2.4822376893016296,
        "log_sfrd_lcdm": -2.7249999999999996,
        "excess_factor_obs": 11.051037229577299,
        "excess_factor_corr": 2.303998878956309,
        "sfrd_reduction_pct": 79.15128841671239,
        "mean_gamma_t": 7.9688666941788675,
        "mean_sfr_correction": 0.8796888141545262
      },
      {
        "z_lo": 10,
        "z_hi": 12,
        "z_mid": 11.0,
        "n": 269,
        "volume_Mpc3": 312671.436233267,
        "sfrd_obs": 0.010628189013756789,
        "sfrd_corr_m05": 0.0023597139432180825,
        "sfrd_corr_m07": 0.002316623756975911,
        "sfrd_lcdm_extrapolation": 0.0005623413251903491,
        "sfrd_madau_dickinson": 0.0043225674119272365,
        "log_sfrd_obs": -1.9735407306165171,
        "log_sfrd_corr": -2.6271406412721268,
        "log_sfrd_corr_m07": -2.635144494279693,
        "log_sfrd_lcdm": -3.25,
        "excess_factor_obs": 18.899889689165583,
        "excess_factor_corr": 4.196230718806472,
        "sfrd_reduction_pct": 77.79759147900226,
        "mean_gamma_t": 1425.4947215467155,
        "mean_sfr_correction": 6.492456887503301
      }
    ]
  },
  "combined": [
    {
      "z_lo": 6,
      "z_hi": 7,
      "z_mid": 6.5,
      "n": 2207,
      "log_sfrd_obs": -0.9690337471023671,
      "log_sfrd_corr": -1.4514109047382449,
      "log_sfrd_corr_m07": -1.530162611365164,
      "log_sfrd_lcdm": -1.675,
      "log_sfrd_md14": -1.7742750553857138,
      "excess_factor_obs": 5.081199572730983,
      "excess_factor_corr": 1.6733588897966507,
      "sfrd_reduction_pct": 67.06764090162919
    },
    {
      "z_lo": 7,
      "z_hi": 8,
      "z_mid": 7.5,
      "n": 775,
      "log_sfrd_obs": -1.4936943583214746,
      "log_sfrd_corr": -1.8959423684374035,
      "log_sfrd_corr_m07": -1.9675720397595127,