{
  "step": "Step 138: Environmental Screening Steiger Z-Test",
  "tep_prediction": "Group Halo Screening suppresses Gamma_t in dense environments. rho(dust, Gamma_t) should be significantly lower in overdense regions than in the field, even after controlling for stellar mass.",
  "method": "Fisher Z-test for independent correlations comparing field vs overdense Spearman rho(dust, Gamma_t). Mass-matched quintile test controls for mass confounding. Partial correlation controls for both mass and environment.",
  "full_sample": {
    "label": "Full sample (z=4-10)",
    "n_total": 2315,
    "n_field": 1158,
    "n_dense": 1157,
    "median_density": 194263.36420535285,
    "rho_field": -0.041777860214517015,
    "p_field": 0.15538642774545977,
    "rho_dense": -0.3074751198163188,
    "p_dense": 9.353230718025316e-27,
    "delta_rho": 0.2656972596018018,
    "delta_rho_ci_low": 0.18562003780077968,
    "delta_rho_ci_high": 0.347409945423082,
    "Z_fisher_independent": 6.630037153225244,
    "p_fisher_independent": 3.356026567757908e-11,
    "rho_gamma_t_density": -0.13063331096117425,
    "partial_rho_dust_gamma_t_given_mass_env": -0.29435211244404375,
    "partial_p": 1.6970735365193992e-47,
    "mass_matched_quintile_deltas": [
      0.44922092312309203,
      0.14550574852927017,
      0.30516892335378143,
      0.3863457331102773,
      0.12057546277197045
    ],
    "mean_mass_matched_delta_rho": 0.2813633581776783,
    "n_quintiles_positive": 5,
    "n_quintiles_tested": 5,
    "tep_prediction": "rho_field > rho_dense (screening suppresses in dense regions)",
    "tep_confirmed": true,
    "interpretation": "SUPPORTS TEP"
  },
  "z_gt_8": {
    "label": "z > 8",
    "n_total": 283,
    "n_field": 142,
    "n_dense": 141,
    "median_density": 322029.32673890673,
    "rho_field": 0.587997258959201,
    "p_field": 1.4308889884817418e-14,
    "rho_dense": 0.570803544672289,
    "p_dense": 1.469189000470013e-13,
    "delta_rho": 0.017193714286911965,
    "delta_rho_ci_low": -0.16711116608241325,
    "delta_rho_ci_high": 0.20353117041541763,
    "Z_fisher_independent": 0.21540924491770913,
    "p_fisher_independent": 0.8294482627869055,
    "rho_gamma_t_density": -0.03257858443516585,
    "partial_rho_dust_gamma_t_given_mass_env": 0.26704413088066314,
    "partial_p": 5.226310415175116e-06,
    "mass_matched_quintile_deltas": [
      0.1473428106420432,
      -0.026336110546636864,
      -0.08219701445507899,
      -0.2839164666750873,
      -0.2562303556658395
    ],
    "mean_mass_matched_delta_rho": -0.10026742734011988,
    "n_quintiles_positive": 1,
    "n_quintiles_tested": 5,
    "tep_prediction": "rho_field > rho_dense (screening suppresses in dense regions)",
    "tep_confirmed": false,
    "interpretation": "MARGINAL"
  },
  "z_6_8": {
    "label": "z = 6-8",
    "n_total": 593,
    "n_field": 297,
    "n_dense": 296,
    "median_density": 233918.1607501131,
    "rho_field": -0.06302596067696739,
    "p_field": 0.2789566342092582,
    "rho_dense": -0.22679659628812168,
    "p_dense": 8.255240605806776e-05,
    "delta_rho": 0.1637706356111543,
    "delta_rho_ci_low": -0.0036681621187215118,
    "delta_rho_ci_high": 0.32625968688881507,
    "Z_fisher_independent": 2.0315235210657994,
    "p_fisher_independent": 0.04220191600471512,
    "rho_gamma_t_density": -0.10100709435392127,
    "partial_rho_dust_gamma_t_given_mass_env": -0.17923779689138786,
    "partial_p": 1.1276571678307295e-05,
    "mass_matched_quintile_deltas": [
      0.20031330542008802,
      0.13013225096778774,
      0.007070707070707033,
      0.11809532077995577,
      0.30153572842252085
    ],
    "mean_mass_matched_delta_rho": 0.15142946253221187,
    "n_quintiles_positive": 5,
    "n_quintiles_tested": 5,
    "tep_prediction": "rho_field > rho_dense (screening suppresses in dense regions)",
    "tep_confirmed": true,
    "interpretation": "SUPPORTS TEP"
  },
  "z_4_6": {
    "label": "z = 4-6 (control)",
    "n_total": 1439,
    "n_field": 720,
    "n_dense": 719,
    "median_density": 165915.37194014413,
    "rho_field": 0.006259271333470936,
    "p_field": 0.8668478574888465,
    "rho_dense": -0.08384956409332575,
    "p_dense": 0.024550341775453337,
    "delta_rho": 0.0901088354267967,
    "delta_rho_ci_low": -0.01724386985413988,
    "delta_rho_ci_high": 0.1964216012099305,
    "Z_fisher_independent": 1.7092706848563335,
    "p_fisher_independent": 0.087400820859584,
    "rho_gamma_t_density": 0.052557520392445885,
    "partial_rho_dust_gamma_t_given_mass_env": -0.11776630944658205,
    "partial_p": 7.496639949292295e-06,
    "mass_matched_quintile_deltas": [
      0.20460219428447785,
      0.20558838137696306,
      -0.023615978315999042,
      0.08659248681743853,
      0.02910598767745673
    ],
    "mean_mass_matched_delta_rho": 0.10045461436806742,
    "n_quintiles_positive": 4,
    "n_quintiles_tested": 5,
    "tep_prediction": "rho_field > rho_dense (screening suppresses in dense regions)",
    "tep_confirmed": false,
    "interpretation": "MARGINAL"
  },
  "summary": {
    "n_tests": 4,
    "n_tep_confirmed": 2,
    "fraction_confirmed": 0.5,
    "primary_result": {
      "label": "z > 8",
      "n_total": 283,
      "n_field": 142,
      "n_dense": 141,
      "median_density": 322029.32673890673,
      "rho_field": 0.587997258959201,
      "p_field": 1.4308889884817418e-14,
      "rho_dense": 0.570803544672289,
      "p_dense": 1.469189000470013e-13,
      "delta_rho": 0.017193714286911965,
      "delta_rho_ci_low": -0.16711116608241325,
      "delta_rho_ci_high": 0.20353117041541763,
      "Z_fisher_independent": 0.21540924491770913,
      "p_fisher_independent": 0.8294482627869055,
      "rho_gamma_t_density": -0.03257858443516585,
      "partial_rho_dust_gamma_t_given_mass_env": 0.26704413088066314,
      "partial_p": 5.226310415175116e-06,
      "mass_matched_quintile_deltas": [
        0.1473428106420432,
        -0.026336110546636864,
        -0.08219701445507899,
        -0.2839164666750873,
        -0.2562303556658395
      ],
      "mean_mass_matched_delta_rho": -0.10026742734011988,
      "n_quintiles_positive": 1,
      "n_quintiles_tested": 5,
      "tep_prediction": "rho_field > rho_dense (screening suppresses in dense regions)",
      "tep_confirmed": false,
      "interpretation": "MARGINAL"
    },
    "conclusion": "2/4 redshift bins show the predicted environmental screening pattern (rho_field > rho_dense). Primary test (z > 8): delta_rho = 0.017, Z = 0.22, p = 0.8294."
  }
}