{
  "assembly_time": null,
  "time_thresholds": {
    "agb_dust": {
      "threshold_Myr": 300,
      "n_above": 2210,
      "n_below": 105,
      "mean_above": 0.15922344033688476,
      "mean_below": 0.20249741545023325,
      "ratio": 0.7862986299497551,
      "p_value": 1.178092180250974e-11
    },
    "quenching": {
      "threshold_Myr": 500,
      "n_above": 1613,
      "n_below": 702,
      "mean_above": 0.15803410776452337,
      "mean_below": 0.16842879763905078,
      "ratio": 0.9382843669239769,
      "p_value": 0.0003354691804640253
    },
    "full_evolution": {
      "threshold_Myr": 1000,
      "n_above": 82,
      "n_below": 2233,
      "mean_above": 0.2057786305177012,
      "mean_below": 0.15954867177086357,
      "ratio": 1.2897545823084693,
      "p_value": 1.2460689124761726e-10
    }
  },
  "redshift_scaling": {
    "z_centers": [
      8.0,
      10.0
    ],
    "slopes": [
      -0.09728276419064516,
      0.04942621324260697
    ],
    "rho_slope_z": 0.9999999999999999,
    "p_slope_z": 1.0,
    "tep_consistent": true
  },
  "cross_sample": {
    "UNCOVER": {
      "n": 2315,
      "rho": -0.006035944296748368,
      "p": 0.7716158733152128
    },
    "JADES": {
      "n": 422,
      "rho": 0.7073020370044381,
      "p": 2.9699030143480994e-65
    },
    "consistent": false
  },
  "formation_epoch": {
    "age_0_0.1": {
      "n": 415,
      "rho": 0.8963536419927202,
      "p": 5.536296252355802e-148
    },
    "age_0.1_0.2": {
      "n": 1230,
      "rho": 0.903605823218512,
      "p": 1e-300
    },
    "age_0.2_0.5": {
      "n": 660,
      "rho": 0.4235963476834095,
      "p": 4.037586067891326e-30
    }
  }
}