{
  "test": "Thread 3: \u0393_t vs Metallicity",
  "n": 1108,
  "raw_rho": 0.24550162081751223,
  "raw_p": 1.1335533050118366e-16,
  "partial_rho": 0.17492174615801298,
  "partial_p": 4.594535946408525e-09,
  "ci_95": [
    0.11567553765805465,
    0.23764608054131833
  ],
  "partial_rho_double": 0.011150045395016964,
  "partial_p_double": 0.710831140003376,
  "ci_95_double": [
    -0.06175796745931564,
    0.08285097070042288
  ],
  "significant": true,
  "significant_double": false,
  "interpretation": "Enhanced time \u2192 more enrichment"
}