{
  "step": "Step 145: AGB Phase Boundary + Activation Curve + Spec-z Sharpening",
  "test_1_phase_boundary": {
    "n_total": 2315,
    "dust_detection_threshold": 0.1,
    "agb_threshold_gyr": 0.3,
    "tep_boundary": {
      "n_above_threshold": 2315,
      "n_below_threshold": 0,
      "dust_frac_above": 0.7788336933045357,
      "dust_frac_below": 0.0,
      "precision": 0.7788336933045357,
      "recall": 1.0,
      "f1": 0.8756677999028655,
      "accuracy": 0.7788336933045357
    },
    "z_gt_8": {
      "n": 283,
      "n_above": 283,
      "n_below": 0,
      "dust_frac_above": 0.9081272084805654,
      "dust_frac_below": 0.0
    },
    "mass_only_comparison": {
      "mass_threshold": 11.136567502108385,
      "dust_frac_above": 1.0,
      "dust_frac_below": 0.7787381158167676,
      "f1_mass": 0.0011086474501108647,
      "f1_tep_advantage": 0.8745591524527546
    },
    "boundary_curve": {
      "z": [
        4.0,
        4.035175879396985,
        4.0703517587939695,
        4.105527638190955,
        4.14070351758794,
        4.175879396984925,
        4.211055276381909,
        4.2462311557788945,
        4.28140703517588,
        4.316582914572864,
        4.351758793969849,
        4.386934673366834,
        4.422110552763819,
        4.457286432160804,
        4.492462311557789,
        4.527638190954773,
        4.562814070351759,
        4.597989949748744,
        4.633165829145729,
        4.668341708542713,
        4.703517587939698,
        4.738693467336684,
        4.773869346733669,
        4.809045226130653,
        4.844221105527638,
        4.8793969849246235,
        4.914572864321608,
        4.949748743718593,
        4.984924623115578,
        5.0201005025125625,
        5.055276381909548,
        5.090452261306533,
        5.125628140703517,
        5.160804020100502,
        5.1959798994974875,
        5.231155778894472,
        5.266331658291457,
        5.301507537688442,
        5.336683417085427,
        5.371859296482413,
        5.407035175879397,
        5.442211055276382,
        5.477386934673367,
        5.5125628140703515,
        5.547738693467337,
        5.582914572864322,
        5.618090452261306,
        5.653266331658291,
        5.688442211055277,
        5.723618090452261,
        5.758793969849246,
        5.793969849246231,
        5.829145728643216,
        5.864321608040201,
        5.899497487437186,
        5.934673366834171,
        5.969849246231156,
        6.005025125628141,
        6.040201005025126,
        6.075376884422111,
        6.110552763819095,
        6.1457286432160805,
        6.180904522613066,
        6.21608040201005,
        6.251256281407035,
        6.28643216080402,
        6.321608040201005,
        6.35678391959799,
        6.391959798994975,
        6.427135678391959,
        6.4623115577889445,
        6.49748743718593,
        6.532663316582914,
        6.5678391959799,
        6.603015075376884,
        6.638190954773869,
        6.673366834170855,
        6.708542713567839,
        6.743718592964824,
        6.778894472361809,
        6.814070351758794,
        6.849246231155779,
        6.884422110552764,
        6.919597989949748,
        6.954773869346734,
        6.989949748743719,
        7.025125628140703,
        7.060301507537688,
        7.0954773869346734,
        7.130653266331658,
        7.165829145728644,
        7.201005025125628,
        7.236180904522612,
        7.2713567839195985,
        7.306532663316583,
        7.341708542713568,
        7.376884422110553,
        7.4120603015075375,
        7.447236180904523,
        7.482412060301508,
        7.517587939698492,
        7.552763819095477,
        7.5879396984924625,
        7.623115577889447,
        7.658291457286432,
        7.693467336683417,
        7.7286432160804015,
        7.763819095477387,
        7.798994974874372,
        7.834170854271356,
        7.869346733668342,
        7.9045226130653266,
        7.939698492462312,
        7.974874371859297,
        8.010050251256281,
        8.045226130653266,
        8.080402010050252,
        8.115577889447236,
        8.150753768844222,
        8.185929648241206,
        8.22110552763819,
        8.256281407035175,
        8.291457286432161,
        8.326633165829145,
        8.361809045226131,
        8.396984924623116,
        8.4321608040201,
        8.467336683417084,
        8.50251256281407,
        8.537688442211056,
        8.57286432160804,
        8.608040201005025,
        8.64321608040201,
        8.678391959798995,
        8.71356783919598,
        8.748743718592966,
        8.78391959798995,
        8.819095477386934,
        8.854271356783919,
        8.889447236180905,
        8.924623115577889,
        8.959798994974875,
        8.99497487437186,
        9.030150753768844,
        9.065326633165828,
        9.100502512562814,
        9.1356783919598,
        9.170854271356784,
        9.206030150753769,
        9.241206030150753,
        9.276381909547737,
        9.311557788944723,
        9.34673366834171,
        9.381909547738694,
        9.417085427135678,
        9.452261306532662,
        9.487437185929648,
        9.522613065326633,
        9.557788944723619,
        9.592964824120603,
        9.628140703517587,
        9.663316582914572,
        9.698492462311558,
        9.733668341708544,
        9.768844221105528,
        9.804020100502512,
        9.839195979899497,
        9.874371859296481,
        9.909547738693467,
        9.944723618090453,
        9.979899497487438,
        10.015075376884422,
        10.050251256281406,
        10.085427135678392,
        10.120603015075377,
        10.155778894472363,
        10.190954773869347,
        10.226130653266331,
        10.261306532663315,
        10.296482412060302,
        10.331658291457288,
        10.366834170854272,
        10.402010050251256,
        10.43718592964824,
        10.472361809045225,
        10.507537688442211,
        10.542713567839197,
        10.577889447236181,
        10.613065326633166,
        10.64824120603015,
        10.683417085427136,
        10.71859296482412,
        10.753768844221106,
        10.78894472361809,
        10.824120603015075,
        10.85929648241206,
        10.894472361809045,
        10.929648241206031,
        10.964824120603016,
        11.0
      ],