{
  "negative_correlation": {
    "rho_raw": 0.019377853966021305,
    "p_raw": 0.35136822260136824,
    "rho_corrected": -0.07961567589574854,
    "p_corrected": 0.00012572609210033527,
    "delta_rho": -0.09899352986176985,
    "tep_consistent": true,
    "within_bin_correlations": [
      -0.05704976794121933,
      0.18413824933606726
    ]
  },
  "trgb_constraint": {
    "observed": 0.054374999999999396,
    "predicted": 0.27673032773740414,
    "ratio": 0.1964909319646277,
    "sigma_ratio_eff": 1.2409377607517167,
    "sigma_disk_eff": 50,
    "sigma_halo_eff": 62.04688803758584
  },
  "screening_saturation": {
    "bin_centers": [
      10.25,
      10.75,
      11.25,
      11.75
    ],
    "mean_gamma": [
      0.9263764562871079,
      0.9643859662496338,
      1.0455512805983092,
      1.2683603359295044
    ],
    "sem_gamma": [
      0.0003872944250123252,
      0.0010768457434187839,
      0.003846870244347899,
      0.02208635836406245
    ],
    "slope": 0.22142339065517297,
    "expected_slope": 0.8093997525199268,
    "slope_ratio": 0.2735649349605178,
    "saturation_detected": true
  },
  "selection_effects": {
    "rho_mass_z": -0.06956931990498777,
    "rho_controlled": 0.11981084757092053,
    "p_controlled": 7.366053945735522e-09,
    "rho_gamma_controlled": 0.011846766545670136,
    "p_gamma_controlled": 0.568872535264753,
    "selection_robust": true
  },
  "prediction_precision": {
    "coefficients": {
      "a": 0.028808406508894914,
      "b": 0.005218722973266631,
      "c": 0.10369771460538739
    },
    "rmse": 0.06333404347199158,
    "r2": 0.025518203192188116,
    "r2_null": 0.015927740526915257,
    "delta_r2": 0.009590462665272859
  }
}