{
  "step": 176,
  "name": "nested_bayesian_evidence",
  "timestamp": "2026-03-13T17:05:15.230003",
  "description": "Fully nested Bayesian evidence computation for TEP vs explicit astrophysical alternatives, using both multi-observable joint tests (primary) and single-observable supplementary tests.",
  "sampler_config": {
    "nlive": 500,
    "dlogz": 0.5,
    "seed_base": 176,
    "sampling": "rwalk",
    "bounding": "multi"
  },
  "sample_size": 504,
  "observables": [
    "dust",
    "log_ssfr",
    "chi2",
    "met"
  ],
  "n_observables": 4,
  "z_range": [
    7.002410816821598,
    9.985523401104327
  ],
  "mass_range": [
    8.00060190406349,
    11.136567502108385
  ],
  "preprocessing": {
    "observables_standardized_for_evidence": true,
    "observable_means_raw": {
      "dust": 0.7644616707162569,
      "log_ssfr": -8.125363067581045,
      "chi2": 20.380666556326666,
      "met": -0.8230535648451801
    },
    "observable_stds_raw": {
      "dust": 0.6052695032162856,
      "log_ssfr": 0.21239166348416363,
      "chi2": 47.34704327546426,
      "met": 0.33448966756755005
    },
    "mass_z_residual_comparison_included": true,
    "note": "Observables were z-scored before nested sampling so the shared Gaussian-noise priors are valid across domains with very different scales."
  },
  "joint_model_evidence": {
    "TEP": {
      "label": "TEP Joint (12 params)",
      "n_params": 12,
      "logZ": -2738.9435586323143,
      "logZ_err": 0.48311121904076204,
      "n_samples": 26796,
      "posterior_means": [
        0.6313416653541698,
        1.4411352954190833,
        -0.20200541312566245,
        -0.45166389838527243,
        -1.0302224402074183,
        -0.0909545355865536,
        0.315889191238849,
        0.7194638091512597,
        -0.04179146547821744,
        0.07598712459408793,
        0.1740076328593458,
        0.00011389256076500882
      ],
      "posterior_stds": [
        0.05392916281365304,
        0.09020352093592643,
        0.031778915997185665,
        0.05896237067644147,
        0.0990533417757178,
        0.030279731554301942,
        0.06378459423862647,
        0.10480962851703642,
        0.03180391656932214,
        0.06469202751155649,
        0.10779875300333933,
        0.03127896578177802
      ],
      "niter": 26296,
      "ncall": 1,
      "eff": 3.336691276362862,
      "seed": 1845
    },
    "Standard_Physics": {
      "label": "Standard Physics Joint (16 params)",
      "n_params": 16,
      "logZ": -2752.164123780974,
      "logZ_err": 0.5397782840504404,
      "n_samples": 31899,
      "posterior_means": [
        -9.436646156890626,
        1.2212489652711849,
        -0.107040626573917,
        -0.20874228507565187,
        7.198321919339132,
        -0.7157319513355661,
        -0.13896776817988504,
        -0.07307243928020801,
        -4.597616821561996,
        0.6351795867214525,
        -0.09320065856557899,
        -0.03977280723048501,
        -1.5207804247812469,
        0.02327091139637253,
        0.16031209089032547,
        -0.0052603763911488206
      ],
      "posterior_stds": [
        0.431714469491262,
        0.06002617806655933,
        0.04453185840994588,
        0.03163035503786476,
        0.7922281091541419,
        0.09112927534987932,
        0.053525050459769054,
        0.03158446305910397,
        0.7948441171833025,
        0.09241907990806832,
        0.05488418104871801,
        0.031321827787271855,
        0.8372949750227109,
        0.09659850734284786,
        0.05781901131161835,
        0.032060734096253526
      ],
      "niter": 31399,
      "ncall": 1,
      "eff": 2.948988298898116,
      "seed": 3204
    },
    "Bursty_SF": {
      "label": "Bursty SF Joint (21 params)",
      "n_params": 21,
      "logZ": -2744.9239517116134,
      "logZ_err": 0.5703106457600103,
      "n_samples": 34234,
      "posterior_means": [
        4.620928311088329,
        -6.565923463541358,
        0.7764001983649532,
        -0.0979652193553581,
        1.6150369742790678,
        -0.2166785845515217,
        3.715686953663727,
        -0.20479620976233834,
        -0.14002208110149744,
        -1.6420485133102398,
        -0.08393408253916508,
        -2.393426667491865,
        0.31348013693408067,
        -0.09348644915399612,
        1.0280160095409034,
        -0.039422196740119486,
        -0.7574504262290752,
        -0.09150759912786817,
        0.16322680925630453,
        0.36686899931472944,
        -0.004850823584184843
      ],
      "posterior_stds": [
        0.3767680340679034,
        1.0056654540824845,
        0.1301367042583489,
        0.04591711094696555,
        0.32904778280353497,
        0.030886746132086543,
        1.1162402080291416,
        0.14385159517666324,
        0.051264544287416065,
        0.345580721851631,
        0.031007253052334025,
        1.6976305423416624,
        0.24270152290725056,
        0.052871507654461775,
        0.734571464671586,
        0.03173548241610839,
        2.1090758107366945,
        0.3036045742437,
        0.055696879877844586,
        0.9394853328408697,
        0.03151723670195002
      ],
      "niter": 33734,
      "ncall": 1,
      "eff": 2.5809788328674093,
      "seed": 2446
    },
    "Varying_IMF": {
      "label": "Varying IMF Joint (20 params)",
      "n_params": 20,
      "logZ": -2742.6217241164277,
      "logZ_err": 0.5354734826556813,
      "n_samples": 34694,
      "posterior_means": [
        2.3705540568783197,
        -1.4888022607843454,
        0.15399614337832546,
        -0.09950339478403764,
        -0.22134081501530575,
        -3.0520896085252653,
        1.5856683369669582,
        -0.12887951619355809,
        -0.13515019015024332,
        -0.08557402158322006,
        2.4217508730859576,
        -0.9296498332452644,
        0.08682856217264875,
        -0.09513013255613376,
        -0.04202115635711956,
        -0.49432631985396974,
        -0.203310830080843,
        0.012512436996052948,
        0.15925728669358685,
        -0.003095216961117457
      ],
      "posterior_stds": [
        2.124838309864983,
        0.4640326779235387,
        0.026009017359110456,
        0.045002815532139515,
        0.03189660739431208,
        1.8677044762756048,
        0.3995864559572172,
        0.02258828271408914,
        0.053207587379812814,
        0.03166582564990598,
        3.7770632858878983,
        0.8342379437476021,
        0.04648816789891229,
        0.05467898304171137,
        0.0309296512018747,
        4.7023589917320905,
        1.0470758647108753,
        0.05847732278524749,
        0.05632966944670811,
        0.03135278897927541
      ],
      "niter": 34194,
      "ncall": 1,
      "eff": 2.6404574337164815,
      "seed": 2599
    },
    "AGN_Feedback": {
      "label": "AGN Feedback Joint (14 params)",
      "n_params": 14,
      "logZ": -2711.3268009672815,
      "logZ_err": 0.5083347801863037,
      "n_samples": 26612,
      "posterior_means": [
        9.723443526876434,
        2.897225944527,
        -0.2625948499965866,
        4.2228675369442294,
        -0.23769286087292388,
        0.1917669433011731,
        -3.063697849968303,
        -0.10893377026730014,
        -0.1307561354709581,
        2.075986483083542,
        -0.04489053447700165,
        -0.010723471022812422,
        0.18377330620558238,
        0.0029564980961611456
      ],
      "posterior_stds": [
        0.07826071756836389,
        0.40855048372320274,
        0.06233420306278346,
        0.35231999563721866,
        0.031448600730375455,
        0.05376368940333389,
        0.34126396250563734,
        0.03211135331530617,
        0.05116486423592027,
        0.32787102581511773,
        0.03209714270948246,
        0.047901632074214565,
        0.3107773656646601,
        0.031786536694357465
      ],
      "niter": 26112,
      "ncall": 1,
      "eff": 3.1544148413487694,
      "seed": 2633
    }
  },