{
  "step": 87,
  "name": "Compactness Verification",
  "n_matched": 40,
  "calibration_k": 3.740041424126974e-11,
  "mean_boost": 1.9673676766068848,
  "median_boost": 1.3432170187204102,
  "conclusion": "Resolved"
}