{
  "step": "Step 144: Adversarial Machine Learning Attack on TEP",
  "description": "Give a gradient-boosted ML model every available feature and let it learn ANY function to predict dust. Then add Gamma_t. If Gamma_t provides measurable lift, it encodes information no function of standard features can replicate.",
  "surveys_loaded": {
    "UNCOVER": 2315,
    "CEERS": 10300,
    "COSMOS-Web": 50057
  },
  "test_1_within_survey": {
    "n": 2315,
    "feature_sets": {
      "mass_z_poly": {
        "features": [
          "log_mstar",
          "z",
          "mstar_z",
          "mstar_sq",
          "z_sq",
          "mstar_z_sq",
          "mstar_sq_z",
          "mstar_cu"
        ],
        "n_features": 8,
        "models": {
          "GBR": {
            "R2_mean": 0.2351594357390563,
            "R2_std": 0.1259556329155496,
            "RMSE_mean": 0.4094464191680899,
            "RMSE_std": 0.03943108527905611,
            "rho_mean": 0.35748491124005016,
            "rho_std": 0.02435921334104931
          },
          "RF": {
            "R2_mean": 0.29285644394166555,
            "R2_std": 0.12220973453465984,
            "RMSE_mean": 0.3940509188998317,
            "RMSE_std": 0.04527903582021407,
            "rho_mean": 0.3999397631436887,
            "rho_std": 0.04195237978779089
          },
          "Ridge": {
            "R2_mean": 0.2348479360781281,
            "R2_std": 0.11770235113270426,
            "RMSE_mean": 0.4124222949061844,
            "RMSE_std": 0.06049827146045414,
            "rho_mean": 0.3930329613039823,
            "rho_std": 0.06727605069189811
          }
        }
      },
      "mass_z_poly+extras": {
        "features": [
          "log_mstar",
          "z",
          "mstar_z",
          "mstar_sq",
          "z_sq",
          "mstar_z_sq",
          "mstar_sq_z",
          "mstar_cu",
          "sfr",
          "ssfr",
          "met",
          "mwa"
        ],
        "n_features": 12,
        "models": {
          "GBR": {
            "R2_mean": 0.5624697330275908,
            "R2_std": 0.10007393639110654,
            "RMSE_mean": 0.3096409567914802,
            "RMSE_std": 0.04913924958186969,
            "rho_mean": 0.6857361693196206,
            "rho_std": 0.018740377853940435
          },
          "RF": {
            "R2_mean": 0.552635314595968,
            "R2_std": 0.07034919257252897,
            "RMSE_mean": 0.3139204428203469,
            "RMSE_std": 0.037589182922097106,
            "rho_mean": 0.6872343103715559,
            "rho_std": 0.017715694345445166
          },
          "Ridge": {
            "R2_mean": 0.23542296304609742,
            "R2_std": 0.15774699346006354,
            "RMSE_mean": 0.4122134977870062,
            "RMSE_std": 0.07192312018092062,
            "rho_mean": 0.45999812357152037,
            "rho_std": 0.050596507622189237
          }
        }
      },
      "mass_z_poly+gamma_t": {
        "features": [
          "log_mstar",
          "z",
          "mstar_z",
          "mstar_sq",
          "z_sq",
          "mstar_z_sq",
          "mstar_sq_z",
          "mstar_cu",
          "gamma_t",
          "log_gamma_t"
        ],
        "n_features": 10,
        "models": {
          "GBR": {
            "R2_mean": 0.22688062727687708,
            "R2_std": 0.1466605764625627,
            "RMSE_mean": 0.4109458907469068,
            "RMSE_std": 0.04087912329212074,
            "rho_mean": 0.36395152276393433,
            "rho_std": 0.028337705062115567
          },
          "RF": {
            "R2_mean": 0.28805229846802566,
            "R2_std": 0.11360448651177128,
            "RMSE_mean": 0.39572219247109,
            "RMSE_std": 0.04425324303565562,
            "rho_mean": 0.39685648695485376,
            "rho_std": 0.041881739788548346
          },
          "Ridge": {
            "R2_mean": 0.23576896616373397,
            "R2_std": 0.12785194612297074,
            "RMSE_mean": 0.4120219867693006,
            "RMSE_std": 0.06260642141174531,
            "rho_mean": 0.3949294114688468,
            "rho_std": 0.06664000519753138
          }
        }
      },
      "mass_z_poly+extras+gamma_t": {
        "features": [
          "log_mstar",
          "z",
          "mstar_z",
          "mstar_sq",
          "z_sq",
          "mstar_z_sq",
          "mstar_sq_z",
          "mstar_cu",
          "sfr",
          "ssfr",
          "met",
          "mwa",
          "gamma_t",
          "log_gamma_t"
        ],
        "n_features": 14,
        "models": {
          "GBR": {
            "R2_mean": 0.5484763186100992,
            "R2_std": 0.09306457841542225,
            "RMSE_mean": 0.31508794777437066,
            "RMSE_std": 0.04666754480757241,
            "rho_mean": 0.6796426894847025,
            "rho_std": 0.025206487095130584
          },
          "RF": {
            "R2_mean": 0.542529173351344,
            "R2_std": 0.07902102304438635,
            "RMSE_mean": 0.31691321017491336,
            "RMSE_std": 0.036899207443187185,
            "rho_mean": 0.6870170378925441,
            "rho_std": 0.01682148266358618
          },
          "Ridge": {
            "R2_mean": 0.28481899611127953,
            "R2_std": 0.1185791615732333,
            "RMSE_mean": 0.3982461006162226,
            "RMSE_std": 0.05843102487806355,
            "rho_mean": 0.4665135620319205,
            "rho_std": 0.0466028724089898
          }
        }
      },
      "gamma_t_only": {
        "features": [
          "gamma_t",
          "log_gamma_t"
        ],
        "n_features": 2,
        "models": {
          "GBR": {
            "R2_mean": -0.04889031446208749,
            "R2_std": 0.11386266872449177,
            "RMSE_mean": 0.48220475423445386,
            "RMSE_std": 0.05420778906259744,
            "rho_mean": 0.3280671767307854,
            "rho_std": 0.048509490306134044
          },
          "RF": {
            "R2_mean": 0.080576246173427,
            "R2_std": 0.08412752527186164,
            "RMSE_mean": 0.451685888491263,
            "RMSE_std": 0.04864767540132765,
            "rho_mean": 0.3493543850292765,
            "rho_std": 0.05158935803132671
          },
          "Ridge": {
            "R2_mean": -0.015124699384544704,
            "R2_std": 0.05805403913574412,
            "RMSE_mean": 0.47563050300134596,
            "RMSE_std": 0.053899066316125954,
            "rho_mean": 0.005047810236981287,
            "rho_std": 0.29605712238168513
          }
        }
      },
      "mass_only": {
        "features": [
          "log_mstar"
        ],
        "n_features": 1,
        "models": {
          "GBR": {
            "R2_mean": -0.14818175758530092,
            "R2_std": 0.05604673222907869,
            "RMSE_mean": 0.5050026471158009,
            "RMSE_std": 0.04720181442695217,
            "rho_mean": 0.008269933302162465,
            "rho_std": 0.021147459244920373
          },
          "RF": {
            "R2_mean": -0.009049682628014154,
            "R2_std": 0.034239046085627944,
            "RMSE_mean": 0.47365607856684366,
            "RMSE_std": 0.045434208899674575,
            "rho_mean": 0.0386196550327737,
            "rho_std": 0.03478778966395929
          },
          "Ridge": {
            "R2_mean": 0.038365814665529796,
            "R2_std": 0.025723473359083582,
            "RMSE_mean": 0.4620334220896412,
            "RMSE_std": 0.03981050169393468,
            "rho_mean": 0.026640665880630125,
            "rho_std": 0.040790561944280726
          }
        }
      },
      "z_only": {
        "features": [
          "z"
        ],
        "n_features": 1,
        "models": {
          "GBR": {
            "R2_mean": -0.04989087531991097,
            "R2_std": 0.09352392444467898,
            "RMSE_mean": 0.48138412452638946,
            "RMSE_std": 0.035166528305786225,
            "rho_mean": 0.307940579769255,
            "rho_std": 0.03799067380481452
          },