{
  "step": "007",
  "name": "thread6_7_coherence",
  "thread6_age_metallicity": {
    "test": "Thread 6: Age-Metallicity Coherence",
    "n": 1108,
    "rho": 0.3308190995664502,
    "p": 1.0486667323447951e-29,
    "ci_95": [
      0.2667979298867693,
      0.38753421311259173
    ],
    "significant": true,
    "interpretation": "Older \u2192 more enriched (TEP consistent)"
  },
  "thread7_multi_property": {
    "test": "Thread 7: Multi-Property Split Test",
    "n": 1108,
    "gamma_median": 0.9256813078370656,
    "properties": {
      "age_ratio": {
        "mean_low_gamma": 0.13019284126178077,
        "mean_high_gamma": 0.17022281029334307,
        "diff": 0.04002996903156231,
        "p": 6.82419280529969e-19,
        "significant": true
      },
      "metallicity": {
        "mean_low_gamma": -1.257990568256088,
        "mean_high_gamma": -1.062974107977967,
        "diff": 0.1950164602781208,
        "p": 1.6992634594608326e-12,
        "significant": true
      },
      "dust": {
        "mean_low_gamma": 0.20431176819791272,
        "mean_high_gamma": 0.3518557575337543,
        "diff": 0.1475439893358416,
        "p": 4.1030023406721693e-16,
        "significant": true
      }
    },
    "all_significant": true,
    "interpretation": "TEP signature confirmed"
  }
}