{
  "bin_analysis": {
    "z6_8": {
      "n": 13,
      "rho": 0.9395604395604396,
      "p": 1.8782484299388895e-06,
      "mean_age_ratio": 0.3585489631240461,
      "mean_gamma": 0.9008827710798274
    },
    "z8_plus": {
      "n": 21,
      "rho": 0.8883116883116883,
      "p": 7.615212819509368e-08,
      "mean_age_ratio": 0.3303598982345729,
      "mean_gamma": 0.8898843533695203
    },
    "full": {
      "n": 34,
      "rho": 0.8557677616501145,
      "p": 1.1231446713461292e-10,
      "mean_age_ratio": 0.34113807010407743,
      "mean_gamma": 0.8940896307293437
    }
  },
  "simpsons_check": {
    "rho_norm": 0.922077922077922,
    "p_norm": 9.680233385352781e-15,
    "n_norm": 34
  }
}