{
  "bin_analysis": {
    "z6_8": {
      "n": 13,
      "rho": 0.9615384615384615,
      "p": 1.631768081069998e-07,
      "mean_age_ratio": 0.3585489631240461,
      "mean_gamma": 0.3397681774450155
    },
    "z8_plus": {
      "n": 21,
      "rho": 0.9649350649350649,
      "p": 1.7137077303369096e-12,
      "mean_age_ratio": 0.3303598982345729,
      "mean_gamma": 0.20799536750161846
    },
    "full": {
      "n": 34,
      "rho": 0.9098548510313217,
      "p": 9.108872518691259e-14,
      "mean_age_ratio": 0.34113807010407743,
      "mean_gamma": 0.2583790889505644
    }
  },
  "simpsons_check": {
    "rho_norm": 0.9633307868601986,
    "p_norm": 7.549750836871369e-20,
    "n_norm": 34
  }
}