{
  "n_total": 2315,
  "extreme_cases": {
    "oldest": {
      "n_extreme": 9,
      "mean_gamma_extreme": 0.9048653434067381
    },
    "dusty_z9": {
      "n_dusty": 60,
      "mean_gamma_dusty": 0.6696178026725125,
      "mean_gamma_not": 0.5300542694923438,
      "ratio": 1.2633004603733025
    },
    "massive_z8": {
      "n_massive": 16,
      "mean_gamma_massive": 1.2835570587571732,
      "mean_gamma_not": 0.5466243548510806,
      "ratio": 2.3481519756046336
    },
    "worst_fits": {
      "n_worst": 29,
      "mean_gamma_worst": 0.7670659523192851,
      "mean_gamma_good": 0.5678767837326537,
      "ratio": 1.350761246616495
    },
    "multi_extreme": {
      "rho": 0.3828023264221731,
      "p": 2.6128214189542167e-11
    },
    "anomalous": {
      "n_impossible": 10,
      "mean_gamma_impossible": 0.8117394319210943,
      "mean_gamma_possible": 0.5891708691362014,
      "ratio": 1.3777657288304264
    }
  }
}