{
  "bootstrap_correlations": {
    "z8_dust": {
      "rho": 0.4712708247076625,
      "p_value": 4.718450634589153e-17,
      "ci_lower": 0.3627239416275749,
      "ci_upper": 0.5691380429550134,
      "se": 0.05259235682559807,
      "bias": -0.0010287433115588884,
      "n": 283,
      "n_bootstrap": 10000
    },
    "mass_age": {
      "rho": 0.1349627356030388,
      "p_value": 7.03069536864129e-11,
      "ci_lower": 0.0939446439288065,
      "ci_upper": 0.17676521516059399,
      "se": 0.021056091717655524,
      "bias": 0.00024669651239236923,
      "n": 2315,
      "n_bootstrap": 10000
    },
    "gamma_dust_full": {
      "rho": -0.2876948588498302,
      "p_value": 2.3218228874750027e-45,
      "ci_lower": -0.3291410373563039,
      "ci_upper": -0.2464578724195099,
      "se": 0.02114292304214058,
      "bias": -3.631159476841228e-05,
      "n": 2315,
      "n_bootstrap": 10000
    }
  },
  "permutation_tests": {
    "z8_dust": {
      "rho": 0.4712708247076625,
      "p_permutation": 9.999000099990002e-05,
      "null_mean": -0.001060017514303171,
      "null_std": 0.05970206356666755,
      "z_score": 7.911465936089924
    }
  },
  "effective_sample_size": {
    "n_nominal": 283,
    "n_eff": 187.74794175352443,
    "deff": 1.5073400930888634,
    "autocorr": 0.0179907834428675
  },
  "summary": {
    "all_cis_exclude_zero": true,
    "permutation_significant": true
  }
}