{
  "agb_threshold": null,
  "cosmic_time_control": {
    "rho_raw": 0.23295876302851315,
    "p_raw": 7.615313894022361e-05,
    "rho_partial": 0.4390896106322486,
    "p_partial": 9.105805343379653e-15,
    "status": "confirmed"
  },
  "mass_independence": {
    "mass_median": 8.3810337157992,
    "low_mass": {
      "n": 141,
      "rho": 0.4163234727514019,
      "p": 2.8271573292638994e-07
    },
    "high_mass": {
      "n": 142,
      "rho": 0.07699432721908,
      "p": 0.36243411258626523
    },
    "both_positive": true,
    "status": "confirmed"
  },
  "redshift_gradient": {
    "bins": [
      {
        "z_range": "[8, 8.5)",
        "n": 107,
        "rho": 0.3246634926232881,
        "p": 0.0006453270550696243
      },
      {
        "z_range": "[8.5, 9)",
        "n": 72,
        "rho": 0.5293909576178534,
        "p": 1.741749100840754e-06
      },
      {
        "z_range": "[9, 10)",
        "n": 104,
        "rho": 0.7161421103168676,
        "p": 1.282507332029649e-17
      }
    ],
    "status": "confirmed"
  },
  "summary": {
    "tests_passed": 3,
    "total_tests": 3,
    "overall_status": "strong"
  }
}