{
  "bootstrap_correlations": {
    "z8_dust": {
      "rho": 0.5928581034360436,
      "p_value": 2.9965940211265736e-28,
      "ci_lower": 0.5001913003639425,
      "ci_upper": 0.6764502716608125,
      "se": 0.04511950010915216,
      "bias": -0.0009573469584417404,
      "n": 283,
      "n_bootstrap": 10000
    },
    "mass_age": {
      "rho": 0.1349627356030388,
      "p_value": 7.03069536864129e-11,
      "ci_lower": 0.0939446439288065,
      "ci_upper": 0.17676521516059399,
      "se": 0.021056091717655524,
      "bias": 0.00024669651239236923,
      "n": 2315,
      "n_bootstrap": 10000
    },
    "gamma_dust_full": {
      "rho": -0.1177923670191006,
      "p_value": 1.3138640429987352e-08,
      "ci_lower": -0.16052159459448562,
      "ci_upper": -0.07468775345165339,
      "se": 0.021911720098654153,
      "bias": 1.880550681626625e-05,
      "n": 2315,
      "n_bootstrap": 10000
    }
  },
  "permutation_tests": {
    "z8_dust": {
      "rho": 0.5928581034360436,
      "p_permutation": 9.999000099990002e-05,
      "null_mean": -0.00042708416501565597,
      "null_std": 0.059550513464283764,
      "z_score": 9.962721613758884
    }
  },
  "effective_sample_size": {
    "n_nominal": 283,
    "n_eff": 133.51425933981355,
    "deff": 2.1196237869973356,
    "autocorr": 0.03970297117011828
  },
  "summary": {
    "all_cis_exclude_zero": true,
    "permutation_significant": true
  }
}