{
  "test": "Thread 2: \u0393_t vs Age Ratio",
  "n": 2315,
  "raw_rho": -0.006035944296748368,
  "raw_p": 0.7716158733152128,
  "partial_rho": 0.0888111567564881,
  "partial_p": 1.8752440464814808e-05,
  "ci_95": [
    0.036753567558913555,
    0.14045189223892135
  ],
  "partial_rho_double": 0.005655432256096388,
  "partial_p_double": 0.7856503102499947,
  "ci_95_double": [
    -0.045017639321153304,
    0.05714122366531681
  ],
  "significant": true,
  "significant_double": false,
  "interpretation": "Enhanced time \u2192 older appearance"
}