{
  "n_total": 2315,
  "literature": {
    "uv_slope": {
      "rho": 0.6029791257884878,
      "p": 2.0887757926899666e-29
    },
    "sfe": {
      "rho": -0.6460787127093058,
      "p": 7.897637100531877e-35
    },
    "ml_ratio": {
      "rho": 0.3624550097366395,
      "p": 3.2686421048075937e-10
    },
    "smf_shape": {
      "rho_mass_gamma": 0.9772751520324336,
      "p": 1.539342612606618e-70
    },
    "formation_epoch": {
      "rho": 0.09339285090287609,
      "p": 0.11697796665890065
    },
    "impossible_triangle": {
      "n": 17,
      "mean_gamma_impossible": 1.2144501762663036,
      "mean_gamma_all": 0.9696286645894939,
      "ratio": 1.2524899692197717
    }
  }
}