{
  "step": "Step 101: Multi-Observable \u03ba_gal Recovery Test",
  "nominal_kappa_gal": 960000.0,
  "nominal_kappa_gal_uncertainty": 400000.0,
  "n_observables": 4,
  "individual_fits": {
    "dust": {
      "kappa_gal": 1757900.3713374063,
      "kappa_gal_err": 410962.7768426801,
      "rho_best": 0.3901426887347675,
      "expected_sign": 1,
      "weight": 1.0
    },
    "age_ratio": {
      "kappa_gal": 1385658.3226181394,
      "kappa_gal_err": 425721.9832388995,
      "rho_best": 0.18057881962588684,
      "expected_sign": 1,
      "weight": 1.0
    },
    "metallicity": {
      "kappa_gal": 1072351.6045958414,
      "kappa_gal_err": 431905.60465860704,
      "rho_best": 0.016846797711161942,
      "expected_sign": 1,
      "weight": 0.5
    },
    "ssfr": {
      "kappa_gal": 441357.2670320274,
      "kappa_gal_err": 410996.6657245087,
      "rho_best": -0.3206751209784734,
      "expected_sign": -1,
      "weight": 0.5
    }
  },
  "joint_fit": {
    "kappa_gal": 398148.657210988,
    "kappa_gal_err": 410437.840931173,
    "tension_sigma": 0.9803489627884542,
    "consistent_2sigma": true
  },
  "weighted_mean": {
    "kappa_gal": 1162707.6577424568,
    "kappa_gal_err": 211169.38875537412,
    "tension_sigma": 0.44815194895912785
  },
  "improvement_over_dust_only": 236049.02854839433,
  "conclusion": "Joint \u03ba_gal is CONSISTENT with Cepheid calibration within 2\u03c3"
}