{
  "identification": {
    "n_gt_0.3": 50,
    "frac_gt_0.3": 2.159827213822894,
    "n_gt_0.5": 9,
    "frac_gt_0.5": 0.38876889848812096,
    "n_gt_0.7": 1,
    "frac_gt_0.7": 0.04319654427645788,
    "n_gt_0.9": 1,
    "frac_gt_0.9": 0.04319654427645788,
    "n_impossible": 9,
    "n_normal": 2306
  },
  "correlation": {
    "spearman_rho": 0.019377853966021305,
    "spearman_p": 0.35136822260136824,
    "pearson_r": 0.09964721483214896,
    "pearson_p": 1.556501804111975e-06,
    "slope": 0.02931055371193549,
    "slope_err": 0.006085609586836651,
    "intercept": 0.13362852823441163,
    "tep_consistent": false
  },
  "resolution": {
    "n_impossible_raw": 9,
    "n_resolved": 4,
    "n_still_impossible": 5,
    "reduction_pct": 44.44444444444444,
    "mean_age_ratio_raw": 0.6415049439240004,
    "mean_age_ratio_corrected": 0.4903627838146096
  }
}