{
  "step": "158",
  "name": "dja_balmer_decrement",
  "status": "SUCCESS",
  "description": "DJA NIRSpec Ha/Hb Balmer decrement \u2014 Table B5",
  "catalog_used": "DJA NIRSpec v4.4 (dja_msaexp_emission_lines_v4.4.csv.gz)",
  "predictor_used": "gamma_t",
  "reproducible_dja_available": true,
  "manuscript_table_reproduced": true,
  "n_total_z2": 3259,
  "rho_full": 0.5031046202810211,
  "p_full": 1.0910893155168547e-208,
  "partial_rho_full": 0.027646855436263842,
  "partial_p_full": 0.11456786089336916,
  "redshift_bins": [
    {
      "label": "z=2-4",
      "z_lo": 2.0,
      "z_hi": 4.0,
      "n": 1603,
      "rho": 0.5681976230728852,
      "p": 1.0200221423887147e-137,
      "median_ratio": 3.518479127859511,
      "partial_rho": 0.0935616931750573,
      "partial_p": 0.0001759316264499854,
      "ci_lo": 0.529282643134699,
      "ci_hi": 0.602339942951737
    },
    {
      "label": "z=4-5",
      "z_lo": 4.0,
      "z_hi": 5.0,
      "n": 712,
      "rho": 0.4536350706006506,
      "p": 1.9732933873813175e-37,
      "median_ratio": 3.0800160491571997,
      "partial_rho": 0.04729380960005206,
      "partial_p": 0.20750913338709723,
      "ci_lo": 0.40009241536748763,
      "ci_hi": 0.5206789071431619
    },
    {
      "label": "z=5-6",
      "z_lo": 5.0,
      "z_hi": 6.0,
      "n": 584,
      "rho": 0.374607257135042,
      "p": 6.78783308226039e-21,
      "median_ratio": 3.030440088076279,
      "partial_rho": 0.03296087296248025,
      "partial_p": 0.4265873673921048,
      "ci_lo": 0.2832227391667731,
      "ci_hi": 0.44833008098982036
    },
    {
      "label": "z=6-7",
      "z_lo": 6.0,
      "z_hi": 7.0,
      "n": 286,
      "rho": 0.4408667071054747,
      "p": 4.969003676582192e-15,
      "median_ratio": 3.2740213257538135,
      "partial_rho": 0.05527556661290266,
      "partial_p": 0.35163993270462995,
      "ci_lo": 0.3404393261061965,
      "ci_hi": 0.5424703885078239
    }
  ],
  "note": null,
  "caveat": "Ha flux uses Blnd_HBaA_N2 (Halpha+[NII] blend). [NII] contamination significant at z<6; interpret cautiously. JADES DR4 catalog (D'Eugenio et al. 2025, msaexp pipeline)."
}