{
  "step": "165",
  "name": "uncover_z9_reddening_stack",
  "status": "SUCCESS",
  "description": "Catalog-level stacked reddening surrogate for the UNCOVER z=9-12 null branch",
  "input_catalog": "/Users/matthewsmawfield/www/Temporal Equivalence Principle/TEP-JWST/results/interim/step_152_uncover_dr4_full_sps.csv",
  "rationale": "No local extracted spectra are available in the canonical workspace, so the analysis uses broad-posterior z=9-12 catalog objects as a surrogate for faint or weakly constrained targets.",
  "selection": {
    "z_window": [
      9.0,
      12.0
    ],
    "required_columns": [
      "gamma_t",
      "dust2",
      "dust2_16",
      "dust2_84",
      "UV",
      "VJ"
    ],
    "n_total_after_selection": 122,
    "n_posterior_broad": 61,
    "median_sigma_dust2": 0.49281593790919365
  },
  "contrasts": {
    "all_objects_q33_q67": {
      "subset_label": "all_objects_q33_q67",
      "gamma_t_quantiles": [
        0.3333333333333333,
        0.6666666666666666
      ],
      "gamma_t_threshold_low": 0.5290713128545325,
      "gamma_t_threshold_high": 0.5414853928910406,
      "n_total": 122,
      "n_low": 41,
      "n_high": 41,
      "median_gamma_t_low": 0.5183039521632216,
      "median_gamma_t_high": 0.553505750950891,
      "raw_spearman_gamma_t_vs_dust2": {
        "rho": 0.09170877103703973,
        "p": 0.3150665794360357
      },
      "metrics": {
        "dust2": {
          "metric": "dust2",
          "n_low": 41,
          "n_high": 41,
          "low_median": 0.4252929820400244,
          "high_median": 0.5889227961665119,
          "low_weighted_mean": 0.01903738502278231,
          "high_weighted_mean": 0.1524509453008109,
          "delta_weighted_high_minus_low": 0.1334135602780286,
          "bootstrap_ci_95": [
            0.02664347002936202,
            0.38492442780955916
          ],
          "bootstrap_supportive_p_one_sided": 0.010747313171707074,
          "mannwhitney_p_two_sided": 0.17573447637504513
        },
        "UV": {
          "metric": "UV",
          "n_low": 41,
          "n_high": 41,
          "low_median": 0.6421795946491606,
          "high_median": 0.8259092242245387,
          "low_weighted_mean": -0.15763152044691467,
          "high_weighted_mean": 0.2495122417463398,
          "delta_weighted_high_minus_low": 0.40714376219325443,
          "bootstrap_ci_95": [
            0.025104462317143403,
            0.7700718402835967
          ],
          "bootstrap_supportive_p_one_sided": 0.016495876030992253,
          "mannwhitney_p_two_sided": 0.1847787844022475
        },
        "VJ": {
          "metric": "VJ",
          "n_low": 41,
          "n_high": 41,
          "low_median": 0.2732049112627877,
          "high_median": 0.4586612129767573,
          "low_weighted_mean": -0.6272401375215304,
          "high_weighted_mean": -0.16416710440484752,
          "delta_weighted_high_minus_low": 0.4630730331166829,
          "bootstrap_ci_95": [
            0.291483870936913,
            0.7052625461015233
          ],
          "bootstrap_supportive_p_one_sided": 0.004498875281179705,
          "mannwhitney_p_two_sided": 0.15323485684009844
        }
      }
    },
    "all_objects_q25_q75": {
      "subset_label": "all_objects_q25_q75",
      "gamma_t_quantiles": [
        0.25,
        0.75
      ],
      "gamma_t_threshold_low": 0.5222694476934424,
      "gamma_t_threshold_high": 0.5484365620796232,
      "n_total": 122,
      "n_low": 31,
      "n_high": 31,
      "median_gamma_t_low": 0.513261953228472,
      "median_gamma_t_high": 0.5602112577177826,
      "raw_spearman_gamma_t_vs_dust2": {
        "rho": 0.09170877103703973,
        "p": 0.3150665794360357
      },
      "metrics": {
        "dust2": {
          "metric": "dust2",
          "n_low": 31,
          "n_high": 31,
          "low_median": 0.4822948538650591,
          "high_median": 0.5889227961665119,
          "low_weighted_mean": 0.0318765796317598,
          "high_weighted_mean": 0.15404414990800222,
          "delta_weighted_high_minus_low": 0.12216757027624242,
          "bootstrap_ci_95": [
            -0.3167180047973377,
            0.39997102632271686
          ],
          "bootstrap_supportive_p_one_sided": 0.30942264433891525,
          "mannwhitney_p_two_sided": 0.6122750532874479
        },
        "UV": {
          "metric": "UV",
          "n_low": 31,
          "n_high": 31,
          "low_median": 0.6565505498204338,
          "high_median": 0.83348625036502,
          "low_weighted_mean": -0.13472303203333624,
          "high_weighted_mean": 0.24794506843200625,
          "delta_weighted_high_minus_low": 0.3826681004653425,
          "bootstrap_ci_95": [
            -0.44455224398597315,
            0.7981789193911893
          ],
          "bootstrap_supportive_p_one_sided": 0.3036740814796301,
          "mannwhitney_p_two_sided": 0.6830691240653872
        },
        "VJ": {
          "metric": "VJ",
          "n_low": 31,
          "n_high": 31,
          "low_median": 0.3876065230340231,
          "high_median": 0.4586612129767573,
          "low_weighted_mean": -0.551460594919717,
          "high_weighted_mean": -0.1750842449454058,
          "delta_weighted_high_minus_low": 0.3763763499743112,
          "bootstrap_ci_95": [
            -0.5222535966039568,
            0.6396661555107275
          ],
          "bootstrap_supportive_p_one_sided": 0.3216695826043489,
          "mannwhitney_p_two_sided": 0.6830691240653872
        }
      }
    },
    "posterior_broad_q33_q67": {
      "subset_label": "posterior_broad_q33_q67",
      "gamma_t_quantiles": [
        0.3333333333333333,
        0.6666666666666666
      ],
      "gamma_t_threshold_low": 0.5211190098347789,
      "gamma_t_threshold_high": 0.5375800848986869,
      "n_total": 61,
      "n_low": 21,
      "n_high": 21,
      "median_gamma_t_low": 0.512461285446369,
      "median_gamma_t_high": 0.5479600886057038,
      "raw_spearman_gamma_t_vs_dust2": {
        "rho": 0.3611845584346906,
        "p": 0.004238984231715105
      },
      "metrics": {
        "dust2": {
          "metric": "dust2",
          "n_low": 21,
          "n_high": 21,
          "low_median": 0.5535495517093918,
          "high_median": 0.8364744702879843,
          "low_weighted_mean": 0.5505298738998895,
          "high_weighted_mean": 0.8166307204796024,
          "delta_weighted_high_minus_low": 0.2661008465797129,
          "bootstrap_ci_95": [
            0.10080567600601716,
            0.45223517192362483
          ],
          "bootstrap_supportive_p_one_sided": 0.0004998750312421895,
          "mannwhitney_p_two_sided": 0.011062138508318367
        },
        "UV": {
          "metric": "UV",
          "n_low": 21,
          "n_high": 21,
          "low_median": 0.7406363145377668,
          "high_median": 0.921467341658829,
          "low_weighted_mean": 0.7326697135317455,
          "high_weighted_mean": 1.0653279368908433,
          "delta_weighted_high_minus_low": 0.3326582233590978,
          "bootstrap_ci_95": [
            0.1489476947161226,
            0.5356046568372163
          ],
          "bootstrap_supportive_p_one_sided": 0.00024993751562109475,
          "mannwhitney_p_two_sided": 0.005233688641255422
        },
        "VJ": {
          "metric": "VJ",
          "n_low": 21,
          "n_high": 21,
          "low_median": 0.4053960927120741,
          "high_median": 0.7669489272954557,
          "low_weighted_mean": 0.4266660601550048,
          "high_weighted_mean": 0.7748369790788427,
          "delta_weighted_high_minus_low": 0.34817091892383795,
          "bootstrap_ci_95": [
            0.14161666859185398,
            0.5706695953938311
          ],
          "bootstrap_supportive_p_one_sided": 0.00024993751562109475,
          "mannwhitney_p_two_sided": 0.005655195276783269
        }
      }
    },
    "posterior_broad_q25_q75": {
      "subset_label": "posterior_broad_q25_q75",