{
  "n_total": 2315,
  "correlation_dive": {
    "gamma_dust": {
      "spearman": 0.6029791257884878,
      "pearson": 0.3987637212088516,
      "kendall": 0.44535498584066363
    },
    "killer_comparison": {
      "rho_cosmic": -0.006257604267814239,
      "rho_eff": 0.23295876302851315,
      "improvement": 0.2392163672963274
    },
    "monotonicity": {
      "increases": 6,
      "total": 9,
      "rate": 0.6666666666666666
    },
    "extreme_tails": {
      "t_eff_ratio": 4.481543070499477,
      "t_cosmic_ratio": 0.8542987583625463
    }
  }
}