{
  "convergence": {
    "alpha_1": 0.10000660285425449,
    "alpha_2": 2.9999933971457455,
    "cv": 1.4142067123031117,
    "converged": false
  },
  "null_rejection": {
    "chi2": 1470.4664795715626,
    "combined_p": 1e-300,
    "sigma": 37.06578788077213,
    "disrupted": true
  },
  "totality": {
    "rho_raw": 0.11419831843164013,
    "rho_corrected": 0.024395505710831305,
    "improvement": 0.08980281272080883,
    "scatter_reduction_pct": -53.39173017289164,
    "flattening_pct": 0.0,
    "success": false
  }
}