{
  "photoz_uncertainty": {
    "n_galaxies": 84291,
    "spearman_rho": -0.07393165673666889,
    "spearman_p": 1.7865678095334606e-102,
    "tep_consistent": false
  },
  "spec_phot": null,
  "chi2_scaling": {
    "n_galaxies": 84291,
    "spearman_rho": 0.04885640658913463,
    "spearman_p": 1.0166392729195733e-45,
    "tep_consistent": true
  },
  "delta_chi2": null,
  "size_mass": null
}