{
  "n_total": 2315,
  "temporal_inversion_test": {
    "dust": {
      "rho_cosmic": -0.006257604267814239,
      "rho_eff": 0.5987630920475109,
      "improvement": 0.6050206963153251,
      "winner": "t_eff"
    },
    "age": {
      "rho_cosmic": 0.1595151693561111,
      "rho_eff": 0.027745981187478227,
      "improvement": -0.13176918816863287,
      "winner": "t_cosmic"
    },
    "chi2": {
      "rho_cosmic": -0.21508919693637354,
      "rho_eff": 0.11598619610301458,
      "improvement": 0.33107539303938816,
      "winner": "t_eff"
    },
    "r2_dust": {
      "r2_cosmic": 0.0025600554653347762,
      "r2_eff": 0.17758763923832133,
      "improvement": 0.17502758377298655
    },
    "verdict": {
      "wins_teff": 2,
      "wins_tcosmic": 1,
      "total_improvement": 0.8043269011860803,
      "verdict": "SUPPORTED"
    },
    "critical_signal": {
      "delta_rho_dust": 0.6050206963153251,
      "rho_cosmic": -0.006257604267814239,
      "rho_eff": 0.5987630920475109
    }
  }
}