{
  "step": "Step 094: Enhanced Environmental Screening",
  "n_galaxies": 2315,
  "tep_prediction": "Screening should SUPPRESS Gamma_t-dust correlation in dense environments",
  "density_estimator_tests": {
    "density_5nn": {
      "n_total": 2315,
      "n_high_density": 1157,
      "n_low_density": 1158,
      "median_density": 7.137383335275645,
      "rho_high_density": -0.3149130530269871,
      "p_high_density": 4.733641756401679e-28,
      "rho_low_density": -0.06247255399268221,
      "p_low_density": 0.033529572998926546,
      "delta_rho": 0.2524404990343049,
      "delta_rho_ci_low": 0.16936694747669442,
      "delta_rho_ci_high": 0.33947064691246526,
      "tep_prediction": "rho_low > rho_high (screening suppresses in dense regions)",
      "tep_confirmed": true,
      "interpretation": "SUPPORTS TEP"
    },
    "density_1arcmin": {
      "n_total": 2315,
      "n_high_density": 1126,
      "n_low_density": 1189,
      "median_density": 5.411268065124442,
      "rho_high_density": -0.3039684497476494,
      "p_high_density": 1.6884168247727852e-25,
      "rho_low_density": -0.03699664946387353,
      "p_low_density": 0.20237698943247845,
      "delta_rho": 0.2669718002837759,
      "delta_rho_ci_low": 0.18109530916971373,
      "delta_rho_ci_high": 0.34310524207693693,
      "tep_prediction": "rho_low > rho_high (screening suppresses in dense regions)",
      "tep_confirmed": true,
      "interpretation": "SUPPORTS TEP"
    },
    "density_2arcmin": {
      "n_total": 2315,
      "n_high_density": 1132,
      "n_low_density": 1183,
      "median_density": 4.297183463481174,
      "rho_high_density": -0.2064856100553782,
      "p_high_density": 2.2943975001734302e-12,
      "rho_low_density": -0.06504318101350512,
      "p_low_density": 0.025276584732963854,
      "delta_rho": 0.14144242904187307,
      "delta_rho_ci_low": 0.054078933671793034,
      "delta_rho_ci_high": 0.23312663213400636,
      "tep_prediction": "rho_low > rho_high (screening suppresses in dense regions)",
      "tep_confirmed": true,
      "interpretation": "SUPPORTS TEP"
    },
    "overdensity": {
      "n_total": 2315,
      "n_high_density": 1132,
      "n_low_density": 1183,
      "median_density": -0.035334789218220884,
      "rho_high_density": -0.2064856100553782,
      "p_high_density": 2.2943975001734302e-12,
      "rho_low_density": -0.06504318101350512,
      "p_low_density": 0.025276584732963854,
      "delta_rho": 0.14144242904187307,
      "delta_rho_ci_low": 0.05515751003848657,
      "delta_rho_ci_high": 0.22093961385182911,
      "tep_prediction": "rho_low > rho_high (screening suppresses in dense regions)",
      "tep_confirmed": true,
      "interpretation": "SUPPORTS TEP"
    }
  },
  "redshift_bin_tests": [
    {
      "n_total": 1439,
      "n_high_density": 706,
      "n_low_density": 733,
      "median_density": 5.570423008216337,
      "rho_high_density": 0.04201655999141335,
      "p_high_density": 0.2648839010064891,
      "rho_low_density": -0.07676610335454014,
      "p_low_density": 0.03772011666157952,
      "delta_rho": -0.11878266334595348,
      "delta_rho_ci_low": -0.22947174795391062,
      "delta_rho_ci_high": -0.009067926839334833,
      "tep_prediction": "rho_low > rho_high (screening suppresses in dense regions)",
      "tep_confirmed": false,
      "interpretation": "INCONCLUSIVE or CONTRADICTS",
      "z_range": "4-6"
    },
    {
      "n_total": 593,
      "n_high_density": 292,
      "n_low_density": 301,
      "median_density": 2.626056561016273,
      "rho_high_density": -0.3596525432429137,
      "p_high_density": 2.4116559259258526e-10,
      "rho_low_density": 0.07448064949066029,
      "p_low_density": 0.197535466449843,
      "delta_rho": 0.434133192733574,
      "delta_rho_ci_low": 0.2725509178829088,
      "delta_rho_ci_high": 0.5797738142200196,
      "tep_prediction": "rho_low > rho_high (screening suppresses in dense regions)",
      "tep_confirmed": true,
      "interpretation": "SUPPORTS TEP",
      "z_range": "6-8"
    },
    {
      "n_total": 283,
      "n_high_density": 136,
      "n_low_density": 147,
      "median_density": 1.3528170162811104,
      "rho_high_density": 0.5830780974190163,
      "p_high_density": 9.466241597961405e-14,
      "rho_low_density": 0.6610363508602256,
      "p_low_density": 8.130984828681071e-20,
      "delta_rho": 0.07795825344120932,
      "delta_rho_ci_low": -0.08133784143173625,
      "delta_rho_ci_high": 0.23806419027037332,
      "tep_prediction": "rho_low > rho_high (screening suppresses in dense regions)",
      "tep_confirmed": false,
      "interpretation": "INCONCLUSIVE or CONTRADICTS",
      "z_range": "8-10"
    }
  ],
  "isolation_test": {
    "n_field": 1147,
    "n_clustered": 1168,
    "rho_field": -0.041981993539286507,
    "p_field": 0.15534680642404905,
    "rho_clustered": -0.23987375562539842,
    "p_clustered": 9.507512066114928e-17,
    "delta_rho": 0.19789176208611192,
    "tep_prediction": "rho_field > rho_clustered",
    "tep_confirmed": true
  },
  "summary": {
    "n_tests": 5,
    "n_supporting_tep": 5,
    "fraction_supporting": 1.0,
    "conclusion": "5/5 density estimators show the predicted screening pattern"
  }
}