{
  "bin_analysis": {
    "z6_8": {
      "n": 13,
      "rho": 0.8186813186813187,
      "p": 0.0006209883849300381,
      "mean_age_ratio": 0.3585489631240461,
      "mean_gamma": 0.5605255363541242
    },
    "z8_plus": {
      "n": 21,
      "rho": 0.6272727272727273,
      "p": 0.0023372863127848866,
      "mean_age_ratio": 0.3303598982345729,
      "mean_gamma": 0.5436672127273832
    },
    "full": {
      "n": 34,
      "rho": 0.5501909854851031,
      "p": 0.0007486978762974733,
      "mean_age_ratio": 0.34113807010407743,
      "mean_gamma": 0.5501130423493723
    }
  },
  "simpsons_check": {
    "rho_norm": 0.709702062643239,
    "p_norm": 2.6019507981184777e-06,
    "n_norm": 34
  }
}