{
  "n_total": 2315,
  "tests": {
    "overall": {
      "rho": -0.9531736429563162,
      "p": 1e-300
    },
    "regime_comparison": null,
    "old_but_sf": null,
    "age_resid_ssfr": {
      "slope": -0.7981981618321432,
      "intercept": -7.372468505371895,
      "rho": 0.4017365039429051,
      "p": 1.6246075357876845e-90,
      "age_resid_positive": true
    }
  },
  "summary": {
    "tests_passed": 1,
    "tests_total": 3,
    "overall": "PARTIAL"
  }
}