{
  "assembly_time": null,
  "time_thresholds": {
    "quenching": {
      "threshold_Myr": 500,
      "n_above": 2203,
      "n_below": 112,
      "mean_above": 0.15937621709885622,
      "mean_below": 0.19678772766080058,
      "ratio": 0.809889005749231,
      "p_value": 1.5364971604556442e-09
    },
    "full_evolution": {
      "threshold_Myr": 1000,
      "n_above": 1202,
      "n_below": 1113,
      "mean_above": 0.1597293677875427,
      "mean_below": 0.1627595073550436,
      "ratio": 0.9813827184860485,
      "p_value": 0.25641190274470244
    }
  },
  "redshift_scaling": {
    "z_centers": [
      8.0,
      10.0
    ],
    "slopes": [
      -0.05669900772057814,
      0.029646762677531774
    ],
    "rho_slope_z": 0.9999999999999999,
    "p_slope_z": 1.0,
    "tep_consistent": true
  },
  "cross_sample": {
    "UNCOVER": {
      "n": 2315,
      "rho": 0.019377853966021305,
      "p": 0.35136822260136824
    },
    "JADES": {
      "n": 422,
      "rho": 0.9242212551688173,
      "p": 1.0534468479745965e-177
    },
    "consistent": false
  },
  "formation_epoch": {
    "age_0_0.1": {
      "n": 415,
      "rho": 0.6120072262293321,
      "p": 5.230925938986026e-44
    },
    "age_0.1_0.2": {
      "n": 1230,
      "rho": 0.6824102277941305,
      "p": 2.460509515895134e-169
    },
    "age_0.2_0.5": {
      "n": 660,
      "rho": 0.02622649814080465,
      "p": 0.5011957945648122
    }
  }
}