{
  "pressure": {
    "threshold": 1.0089052643626482,
    "n_extreme": 116,
    "normalized": true
  },
  "stratification": {
    "means": {
      "Q1": {
        "age_ratio": 0.16391354071726316,
        "z": 7.629343429607669,
        "log_Mstar": 8.206933421470232
      },
      "Q2": {
        "age_ratio": 0.14670120186122113,
        "z": 5.611986297997174,
        "log_Mstar": 8.233675594031
      },
      "Q3": {
        "age_ratio": 0.1539716084123743,
        "z": 4.884023610222912,
        "log_Mstar": 8.376930214772482
      },
      "Q4": {
        "age_ratio": 0.1801459519024095,
        "z": 5.1759857447830795,
        "log_Mstar": 9.035522783255717
      }
    },
    "rho": 0.39999999999999997,
    "spectrum": false
  },
  "robustness": {
    "cv": 0.13116845309611483,
    "hard": false
  },
  "residuals": {
    "rho_resid": -0.07961567589574854,
    "no_residuals": false
  },
  "multi_angle": {
    "angles": [
      [
        "UNCOVER age_ratio",
        0.019377853966021305,
        0.35136822260136824
      ],
      [
        "UNCOVER t_eff",
        0.709101480792379,
        0.0
      ],
      [
        "JADES age_ratio",
        0.9242212551688173,
        1.0534468479745965e-177
      ],
      [
        "JADES age_excess",
        -0.3747655967478932,
        1.6115026041806137e-15
      ]
    ],
    "multi_angle_pass": true
  }
}