{
  "step": "Step 109: \u039bCDM Tension Quantification",
  "results_by_redshift": [
    {
      "z_min": 7,
      "z_max": 8,
      "z_mid": 7.5,
      "median_gamma_t": 1.313128560664175,
      "lcdm_prediction": 1.5999999999999996,
      "observed": 5.274813467393272,
      "tep_corrected": null,
      "tension_observed_sigma": 12.249378224644241,
      "tension_tep_sigma": 0.0,
      "tension_reduction_pct": 100.0,
      "mass_reduction_dex": null
    },
    {
      "z_min": 8,
      "z_max": 9,
      "z_mid": 8.5,
      "median_gamma_t": 1.434454239427002,
      "lcdm_prediction": 0.7999999999999998,
      "observed": 6.473431870162698,
      "tep_corrected": 6.1308323807655105,
      "tension_observed_sigma": 18.911439567208994,
      "tension_tep_sigma": 17.76944126921837,
      "tension_reduction_pct": 6.0386640262477105,
      "mass_reduction_dex": 0.34259948939718754
    },
    {
      "z_min": 9,
      "z_max": 10,
      "z_mid": 9.5,
      "median_gamma_t": 2.5371213099500607,
      "lcdm_prediction": 0.0,
      "observed": 6.678972017485173,
      "tep_corrected": 6.237568623379012,
      "tension_observed_sigma": 22.263240058283913,
      "tension_tep_sigma": 20.791895411263376,
      "tension_reduction_pct": 6.60885227473018,
      "mass_reduction_dex": 0.44140339410616125
    }
  ],
  "summary": {
    "mean_tension_observed_sigma": 17.80801928337905,
    "mean_tension_tep_sigma": 12.853778893493915,
    "mean_tension_reduction_pct": 37.54917210032597,
    "mean_mass_reduction_dex": 0.3920014417516744,
    "status": "PARTIALLY SUPPORTED"
  },
  "conclusion": "TEP reduces \u039bCDM tension from 17.8\u03c3 to 12.9\u03c3",
  "implications": [
    "Observed stellar mass density at z > 7 is 2.5\u00d7 higher than \u039bCDM",
    "TEP correction reduces this excess by 38%",
    "Remaining tension (12.9\u03c3) may be genuine early structure formation"
  ]
}