{
  "agb_threshold": {
    "n_above": 62,
    "n_below": 221,
    "mean_dust_above": 1.3167220912810194,
    "mean_dust_below": 0.6460713970071854,
    "ratio": 2.0380442430674193,
    "p_value": 4.7751527163355855e-15,
    "cohens_d": 1.0797959461958353,
    "status": "confirmed"
  },
  "cosmic_time_control": {
    "rho_raw": 0.5987630920475109,
    "p_raw": 6.408145622649582e-29,
    "rho_partial": 0.5996962640340749,
    "p_partial": 5.0072117949920876e-29,
    "status": "confirmed"
  },
  "mass_independence": {
    "mass_median": 8.3810337157992,
    "low_mass": {
      "n": 141,
      "rho": 0.388441286013956,
      "p": 1.9388758385200325e-06
    },
    "high_mass": {
      "n": 142,
      "rho": 0.47843106848201244,
      "p": 1.723516774221335e-09
    },
    "both_positive": true,
    "status": "confirmed"
  },
  "redshift_gradient": {
    "bins": [
      {
        "z_range": "[8, 8.5)",
        "n": 107,
        "rho": 0.3246634926232881,
        "p": 0.0006453270550696243
      },
      {
        "z_range": "[8.5, 9)",
        "n": 72,
        "rho": 0.5293909576178534,
        "p": 1.741749100840754e-06
      },
      {
        "z_range": "[9, 10)",
        "n": 104,
        "rho": 0.7161421103168676,
        "p": 1.282507332029649e-17
      }
    ],
    "status": "confirmed"
  },
  "summary": {
    "tests_passed": 4,
    "total_tests": 4,
    "overall_status": "strong"
  }
}