{
  "n_total": 2315,
  "unique_predictions": {
    "mass_age": {
      "n": 283,
      "rho": -0.04257807577742222,
      "p": 0.4755812588916436
    },
    "metallicity_paradox": {
      "n_z9": 104,
      "met_threshold": -0.6355819543834782
    },
    "chi2_monotonicity": [
      {
        "gamma_range": "0.5-1",
        "n": 265,
        "mean_chi2": 13.229385319998936
      },
      {
        "gamma_range": "1-2",
        "n": 14,
        "mean_chi2": 66.8486823286707
      }
    ],
    "quiescent": {
      "n_quiescent": 3,
      "n_star_forming": 280,
      "fraction_quiescent": 0.01060070671378092
    },
    "t_eff_threshold": {
      "n_above": 283,
      "n_below": 0,
      "mean_dust_above": 0.7929984042332551,
      "mean_dust_below": 0.0
    }
  },
  "summary": {
    "n_unique_evidence": 2,
    "unique_evidence": [
      {
        "name": "metallicity_paradox",
        "stat": 1.5749014320247114,
        "p": null
      },
      {
        "name": "quiescent_z8",
        "stat": 2.2777116080799207,
        "p": null
      }
    ]
  }
}