{
  "n_total": 2315,
  "predictive_power": {
    "dust_prediction": {
      "r2_mass": 0.46252250389271865,
      "r2_gamma": 0.1590125053523308,
      "r2_teff": 0.18492490910502946,
      "r2_both": 0.4627156889712667,
      "gamma_adds": 0.00019318507854804157
    },
    "cv_prediction": {
      "mean_r2": 0.03234736030379468,
      "std_r2": 0.2589892935495981
    },
    "oos_prediction": {
      "n_train": 179,
      "n_test": 104,
      "r2_oos": -0.45338737844897303,
      "rmse_oos": 0.6568547126138892
    },
    "feature_importance": {
      "log_Mstar": 0.24337757398151885,
      "gamma_t": 0.29630535049256634,
      "t_eff": 0.46031707552591483
    },
    "null_comparison": {
      "r2_null": 0.0,
      "r2_tep": 0.1590125053523308,
      "improvement": 0.1590125053523308
    }
  }
}