{
  "title": "TEP-JWST: The Seven Threads of Evidence",
  "generated": "2026-04-29T10:01:26.247611",
  "threads": {
    "thread_1": {
      "name": "z > 7 Mass-sSFR Inversion",
      "significant": true,
      "details": {
        "test": "Thread 1: z > 7 Mass-sSFR Inversion",
        "tep_prediction": "Correlation should invert from negative to positive at z > 7",
        "low_z": {
          "z_range": [
            4,
            6
          ],
          "n": 1439,
          "rho": -0.16305129025430076,
          "ci_95": [
            -0.21179354457812696,
            -0.11204171386151605
          ],
          "p_value": 4.923731097687585e-10
        },
        "high_z": {
          "z_range": [
            7,
            10
          ],
          "n": 504,
          "rho": 0.0865815948252025,
          "ci_95": [
            -0.010170019265068114,
            0.1811252776592254
          ],
          "p_value": 0.05206755140695994
        },
        "delta_rho": 0.24963288507950326,
        "delta_ci_95": [
          0.1435856506451414,
          0.3509816320141474
        ],
        "significant": true,
        "conclusion": "TEP prediction CONFIRMED"
      }
    },
    "thread_2": {
      "name": "\u0393_t vs Age Ratio",
      "significant": true,
      "details": {
        "test": "Thread 2: \u0393_t vs Age Ratio",
        "n": 2315,
        "raw_rho": -0.006035944296748368,
        "raw_p": 0.7716158733152128,
        "partial_rho": 0.0888111567564881,
        "partial_p": 1.8752440464814808e-05,
        "ci_95": [
          0.036753567558913555,
          0.14045189223892135
        ],
        "partial_rho_double": 0.005655432256096388,
        "partial_p_double": 0.7856503102499947,
        "ci_95_double": [
          -0.045017639321153304,
          0.05714122366531681
        ],
        "significant": true,
        "significant_double": false,
        "interpretation": "Enhanced time \u2192 older appearance"
      }
    },
    "thread_3": {
      "name": "\u0393_t vs Metallicity",
      "significant": true,
      "details": {
        "test": "Thread 3: \u0393_t vs Metallicity",
        "n": 1108,
        "raw_rho": 0.26902588899714247,
        "raw_p": 7.984800956972143e-20,
        "partial_rho": 0.15856775686967267,
        "partial_p": 1.121603899599632e-07,
        "ci_95": [
          0.0904466653363608,
          0.2289402444337621
        ],
        "partial_rho_double": 0.021591377791882957,
        "partial_p_double": 0.47277162199571854,
        "ci_95_double": [
          -0.04871165870424519,
          0.0979362868797197
        ],
        "significant": true,
        "significant_double": false,
        "interpretation": "Enhanced time \u2192 more enrichment"
      }
    },
    "thread_4": {
      "name": "\u0393_t vs Dust",
      "significant": true,
      "details": {
        "test": "Thread 4: \u0393_t vs Dust",
        "n": 1108,
        "raw_rho": 0.2116301857565652,
        "raw_p": 1.1008664763423664e-12,
        "partial_rho": 0.31848044532977515,
        "partial_p": 1.5407772480270278e-27,
        "ci_95": [
          0.26009508849206914,
          0.3712639523339773
        ],
        "partial_rho_double": 0.09691743401577572,
        "partial_p_double": 0.0012378151527462826,
        "ci_95_double": [
          0.029054705522114716,
          0.15748908830143563
        ],
        "significant": true,
        "significant_double": true,
        "interpretation": "Enhanced time \u2192 more dust processing"
      }
    },
    "thread_5": {
      "name": "z > 8 Dust Anomaly",
      "significant": true,
      "details": {
        "test": "Thread 5: z > 8 Dust Anomaly",
        "tep_prediction": "Strong mass-dust correlation at z > 8 due to enhanced proper time",
        "by_redshift": [
          {
            "z_range": [
              4,
              5
            ],
            "n": 942,
            "rho": 0.037013403579780016,
            "p": 0.25641865141430426,
            "ci_95": [
              -0.02720770363633666,
              0.10529982008935294
            ],
            "significant": false
          },
          {
            "z_range": [
              5,
              6
            ],
            "n": 497,
            "rho": -0.026322431284168286,
            "p": 0.5582499699079295,
            "ci_95": [
              -0.11561786508274657,
              0.06135204911503113
            ],
            "significant": false
          },
          {
            "z_range": [
              6,
              7
            ],
            "n": 372,
            "rho": -0.11842891386295118,
            "p": 0.022340274709165116,
            "ci_95": [
              -0.21839764516045265,
              -0.01343358131490995
            ],
            "significant": true
          },
          {
            "z_range": [
              7,
              8
            ],
            "n": 221,
            "rho": 0.09878150466385761,
            "p": 0.14326300988764012,
            "ci_95": [
              -0.037777074974399534,
              0.239282257821166
            ],
            "significant": false
          },
          {
            "z_range": [
              8,
              10
            ],
            "n": 283,
            "rho": 0.5594522703471411,
            "p": 1.046457458256734e-24,
            "ci_95": [
              0.45908281533529466,
              0.6406739498782913
            ],
            "significant": true
          }
        ],
        "z8_result": {
          "z_range": [
            8,
            10
          ],
          "n": 283,
          "rho": 0.5594522703471411,
          "p": 1.046457458256734e-24,
          "ci_95": [
            0.45908281533529466,
            0.6406739498782913
          ],
          "significant": true
        },
        "partial_correlations": {
          "rho_gamma_dust_given_mass": 0.22218810496363553,
          "p_gamma_dust_given_mass": 0.0001642637546392097,
          "rho_gamma_dust_given_z": 0.5681328965782262,
          "p_gamma_dust_given_z": 1.3726914646100242e-25,
          "rho_gamma_dust_given_mass_z": 0.212159029859425,
          "p_gamma_dust_given_mass_z": 0.00032529870281168674
        },
        "dust_by_mass": [
          {
            "mass_range": [
              8,
              8.5
            ],
            "n": 180,
            "mean_dust": 0.6002924632951716,
            "std_dust": 0.36716424799224967
          },
          {
            "mass_range": [
              8.5,
              9
            ],
            "n": 70,
            "mean_dust": 0.8877533166190935,
            "std_dust": 0.278255174085409
          },
          {
            "mass_range": [
              9,
              10
            ],
            "n": 24,
            "mean_dust": 1.246086495436233,
            "std_dust": 0.5198717125924123
          },
          {
            "mass_range": [
              10,
              12
            ],
            "n": 9,
            "mean_dust": 2.7018996612304567,
            "std_dust": 1.1333080120560248
          }
        ],
        "significant": true,
        "conclusion": "TEP prediction consistent with data - inconsistent with standard timescales"
      }
    },
    "thread_6": {
      "name": "Age-Metallicity Coherence",
      "significant": true,
      "details": {
        "test": "Thread 6: Age-Metallicity Coherence",
        "n": 1108,
        "rho": 0.3308190995664502,
        "p": 1.0486667323447951e-29,
        "ci_95": [
          0.2667979298867693,
          0.38753421311259173
        ],
        "significant": true,
        "interpretation": "Older \u2192 more enriched (TEP consistent)"
      }
    },
    "thread_7": {
      "name": "Multi-Property Split",
      "significant": true,
      "details": {
        "test": "Thread 7: Multi-Property Split Test",
        "n": 1108,
        "gamma_median": 0.6340092838054383,