{
  "step": "157",
  "name": "cosmos2025_ssfr_inversion",
  "status": "SUCCESS",
  "description": "COSMOS2025 sSFR inversion \u2014 Table B4b",
  "ssfr_bins": [
    {
      "label": "z=4-7 (low-z)",
      "z_lo": 4.0,
      "z_hi": 7.0,
      "n": 42361,
      "raw_rho": -0.2928935213891661,
      "raw_p": 1e-300,
      "partial_rho": 0.023728785017431232,
      "partial_p": 1.0376966598591598e-06,
      "ci_lo": 0.014573960336806253,
      "ci_hi": 0.032029521778892275,
      "partial_rho_debiased_mass": 0.023683693090960765,
      "partial_p_debiased_mass": 1.0877130117712454e-06,
      "ci_lo_debiased_mass": 0.01456297498236643,
      "ci_hi_debiased_mass": 0.03200012116743031,
      "weighted_partial_rho_debiased_mass": 0.022947394911551393,
      "weighted_partial_p_debiased_mass": 5.42664677650972e-05,
      "weighted_partial_n_eff": 30932.971646669906,
      "reference_mass_reweighted_partial_rho_debiased_mass": null,
      "reference_mass_reweighted_partial_p_debiased_mass": null,
      "reference_mass_reweighted_n_eff": null,
      "reference_mass_reweight_source": null,
      "median_sigma_log_mstar": 0.18271499999999996,
      "median_sigma_z_rel": 0.06109828931837001,
      "median_quality_weight": 10.307120209267008
    },
    {
      "label": "z=7-8",
      "z_lo": 7.0,
      "z_hi": 8.0,
      "n": 4590,
      "raw_rho": -0.6219018521528684,
      "raw_p": 1e-300,
      "partial_rho": 0.019436161442175918,
      "partial_p": 0.18798726845847688,
      "ci_lo": -0.00914379767863505,
      "ci_hi": 0.04485092591607011,
      "partial_rho_debiased_mass": 0.006132525834558032,
      "partial_p_debiased_mass": 0.6778735966282166,
      "ci_lo_debiased_mass": -0.036117440403609535,
      "ci_hi_debiased_mass": 0.036681007286041706,
      "weighted_partial_rho_debiased_mass": -0.026748403698341354,
      "weighted_partial_p_debiased_mass": 0.11428160857705756,
      "weighted_partial_n_eff": 3487.1103427951643,
      "reference_mass_reweighted_partial_rho_debiased_mass": null,
      "reference_mass_reweighted_partial_p_debiased_mass": null,
      "reference_mass_reweighted_n_eff": null,
      "reference_mass_reweight_source": null,
      "median_sigma_log_mstar": 0.22805500000000034,
      "median_sigma_z_rel": 0.08117116916057773,
      "median_quality_weight": 8.243750326743964
    },
    {
      "label": "z=8-9",
      "z_lo": 8.0,
      "z_hi": 9.0,
      "n": 1121,
      "raw_rho": -0.49906402734685645,
      "raw_p": 1.195791869785534e-71,
      "partial_rho": 0.08383840807112862,
      "partial_p": 0.004972085923853012,
      "ci_lo": 0.018332186623961463,
      "ci_hi": 0.14313144903723773,
      "partial_rho_debiased_mass": 0.07304398301561091,
      "partial_p_debiased_mass": 0.014439091528390088,
      "ci_lo_debiased_mass": 0.0018559260691466935,
      "ci_hi_debiased_mass": 0.13535404670683487,
      "weighted_partial_rho_debiased_mass": 0.11254472122826326,
      "weighted_partial_p_debiased_mass": 0.0011132421470806321,
      "weighted_partial_n_eff": 835.064682744647,
      "reference_mass_reweighted_partial_rho_debiased_mass": null,
      "reference_mass_reweighted_partial_p_debiased_mass": null,
      "reference_mass_reweighted_n_eff": null,
      "reference_mass_reweight_source": null,
      "median_sigma_log_mstar": 0.22172999999999998,
      "median_sigma_z_rel": 0.10061042554125861,
      "median_quality_weight": 7.906021315083524
    },
    {
      "label": "z=9-13 (high-z)",
      "z_lo": 9.0,
      "z_hi": 13.0,
      "n": 1467,
      "raw_rho": -0.6666273693721042,
      "raw_p": 3.448144377608761e-189,
      "partial_rho": -0.07346727958369503,
      "partial_p": 0.004873038745915007,
      "ci_lo": -0.13527421806913054,
      "ci_hi": -0.030114986448537072,
      "partial_rho_debiased_mass": -0.07621456419616267,
      "partial_p_debiased_mass": 0.003490352659943446,
      "ci_lo_debiased_mass": -0.13801152516162754,
      "ci_hi_debiased_mass": -0.03316199626695029,
      "weighted_partial_rho_debiased_mass": -0.015215273773548465,
      "weighted_partial_p_debiased_mass": 0.6311101032933844,
      "weighted_partial_n_eff": 998.7592390155423,
      "reference_mass_reweighted_partial_rho_debiased_mass": -0.023818373182539567,
      "reference_mass_reweighted_partial_p_debiased_mass": 0.44253812716368546,
      "reference_mass_reweighted_n_eff": 1042.0512635417754,
      "reference_mass_reweight_source": "z=8-9 log_Mstar distribution",
      "median_sigma_log_mstar": 0.2159999999999993,
      "median_sigma_z_rel": 0.3617318712696555,
      "median_quality_weight": 4.24002750826429
    }
  ],
  "beta_debias_used": 0.38222773644735053,
  "beta_debias_source": "step_117_object_level_bootstrap",
  "comparison_test": "independent_sample_fisher_z_difference",
  "steiger_Z": -3.6614477732030313,
  "steiger_p": 0.00025079399087184586,
  "rho_lowz": 0.023728785017431232,
  "rho_highz": -0.07346727958369503,
  "delta_rho": -0.09719606460112626,
  "rho_lowz_debiased": 0.023683693090960765,
  "rho_highz_debiased": -0.07621456419616267,
  "delta_rho_debiased": -0.09989825728712343,
  "activation_scan": [
    {
      "label": "z=4-7 (low-z)",
      "n": 42361,
      "partial_rho": 0.023728785017431232,
      "partial_rho_debiased_mass": 0.023683693090960765,
      "weighted_partial_rho_debiased_mass": 0.022947394911551393,
      "reference_mass_reweighted_partial_rho_debiased_mass": null,
      "sign_supportive_after_debias": true
    },
    {
      "label": "z=7-8",
      "n": 4590,
      "partial_rho": 0.019436161442175918,
      "partial_rho_debiased_mass": 0.006132525834558032,
      "weighted_partial_rho_debiased_mass": -0.026748403698341354,
      "reference_mass_reweighted_partial_rho_debiased_mass": null,
      "sign_supportive_after_debias": true
    },
    {
      "label": "z=8-9",
      "n": 1121,
      "partial_rho": 0.08383840807112862,
      "partial_rho_debiased_mass": 0.07304398301561091,
      "weighted_partial_rho_debiased_mass": 0.11254472122826326,
      "reference_mass_reweighted_partial_rho_debiased_mass": null,
      "sign_supportive_after_debias": true
    },
    {
      "label": "z=9-13 (high-z)",
      "n": 1467,
      "partial_rho": -0.07346727958369503,
      "partial_rho_debiased_mass": -0.07621456419616267,
      "weighted_partial_rho_debiased_mass": -0.015215273773548465,
      "reference_mass_reweighted_partial_rho_debiased_mass": -0.023818373182539567,
      "sign_supportive_after_debias": false
    }
  ],
  "selection_sensitivity": {
    "reference_mass_reweight_note": "z>=9 bins are additionally reweighted to the z=8-9 stellar-mass distribution as a selection/completeness sensitivity test; these are companion diagnostics, not the primary headline.",
    "z=9-10": {
      "label": "z=9-10",
      "z_lo": 9.0,
      "z_hi": 10.0,
      "n": 959,
      "raw_rho": -0.6423554261422353,
      "raw_p": 1.0729858279310088e-112,
      "partial_rho": -0.08607950094444057,
      "partial_p": 0.007649489674434477,
      "ci_lo": -0.14130623566967193,
      "ci_hi": -0.024361040296152495,
      "partial_rho_debiased_mass": -0.08703630474385089,
      "partial_p_debiased_mass": 0.006998400731064421,
      "ci_lo_debiased_mass": -0.14325523362164322,
      "ci_hi_debiased_mass": -0.02670675332971776,
      "weighted_partial_rho_debiased_mass": -0.06495075461338233,
      "weighted_partial_p_debiased_mass": 0.09204551087879907,
      "weighted_partial_n_eff": 673.896696294002,
      "reference_mass_reweighted_partial_rho_debiased_mass": -0.123814310460865,
      "reference_mass_reweighted_partial_p_debiased_mass": 0.0019828962381672117,
      "reference_mass_reweighted_n_eff": 620.5736106556196,
      "reference_mass_reweight_source": "z=8-9 log_Mstar distribution",
      "median_sigma_log_mstar": 0.21848500000000026,
      "median_sigma_z_rel": 0.390560313049396,
      "median_quality_weight": 3.8826757487908927
    },
    "z=10-13": {
      "label": "z=10-13",
      "z_lo": 10.0,
      "z_hi": 13.0,