{
  "config": {
    "z_min": 8.0,
    "dust_positive_only": true
  },
  "sources": {
    "UNCOVER": "/Users/matthewsmawfield/www/Temporal Equivalence Principle/TEP-JWST/results/interim/step_002_uncover_full_sample_tep.csv",
    "CEERS": "/Users/matthewsmawfield/www/Temporal Equivalence Principle/TEP-JWST/data/interim/ceers_z8_sample.csv",
    "COSMOS-Web": "/Users/matthewsmawfield/www/Temporal Equivalence Principle/TEP-JWST/data/interim/cosmosweb_z8_sample.csv"
  },
  "survey_effects": {
    "UNCOVER": {
      "rho": 0.4712708247076625,
      "n": 283,
      "fisher_z": 0.5117027340555242,
      "var_z": 0.0035714285714285713,
      "se_z": 0.05976143046671968,
      "ci_rho_lower": 0.37529356798206026,
      "ci_rho_upper": 0.5572495959929021
    },
    "CEERS": {
      "rho": 0.6452585409388231,
      "n": 82,
      "fisher_z": 0.7671317893905227,
      "var_z": 0.012658227848101266,
      "se_z": 0.1125087900926024,
      "ci_rho_lower": 0.4979785968499488,
      "ci_rho_upper": 0.7563580737862702
    },
    "COSMOS-Web": {
      "rho": 0.6260262084989178,
      "n": 918,
      "fisher_z": 0.7348543448035545,
      "var_z": 0.001092896174863388,
      "se_z": 0.033058980245364314,
      "ci_rho_lower": 0.5850185229560944,
      "ci_rho_upper": 0.6638410253247297
    }
  },
  "fixed_effects": {
    "k": 3,
    "n_total": 1283,
    "z_fixed": 0.6878115403396,
    "rho_fixed": 0.5965742556445333,
    "se_z_fixed": 0.028016590734026292,
    "ci_rho_lower": 0.5600451880512682,
    "ci_rho_upper": 0.6307881531154599,
    "z_stat": 24.55015126106152,
    "p": 4.308941072187754e-133,
    "log10_p": -132.36562944515475,
    "weights": {
      "UNCOVER": 280.0,
      "CEERS": 79.0,
      "COSMOS-Web": 915.0
    },
    "weight_share": {
      "UNCOVER": 0.21978021978021978,
      "CEERS": 0.06200941915227629,
      "COSMOS-Web": 0.7182103610675039
    }
  },
  "heterogeneity": {
    "Q": 11.205970001503106,
    "df": 2,
    "p_Q": 0.0036868420485374376,
    "I2": 0.8215237056915438,
    "I2_pct": 82.15237056915437,
    "tau2": 0.016725953397576983
  },
  "random_effects": {
    "k": 3,
    "n_total": 1283,
    "z_random": 0.6638769665920118,
    "rho_random": 0.5809377325990925,
    "se_z_random": 0.08469113014995967,
    "ci_rho_lower": 0.46045010851163903,
    "ci_rho_upper": 0.6804070455642854,
    "z_stat": 7.838801600787564,
    "p": 4.548665703060646e-15,
    "log10_p": -14.342115979778299,
    "weights": {
      "UNCOVER": 49.267437619640646,
      "CEERS": 34.03191641240905,
      "COSMOS-Web": 56.120345813270454
    },
    "weight_share": {
      "UNCOVER": 0.3533750085124314,
      "CEERS": 0.24409689914815424,
      "COSMOS-Web": 0.4025280923394142
    },
    "prediction_interval_rho_95": [
      0.3459867867266563,
      0.7473284172033111
    ]
  },
  "leave_one_out": {
    "UNCOVER": {
      "fixed_effects": {
        "k": 2,
        "n_total": 1000,
        "z_fixed": 0.7374196547858185,
        "rho_fixed": 0.6275836463035486,
        "se_z_fixed": 0.03171807398477756,
        "ci_rho_lower": 0.5884241778500799,
        "ci_rho_upper": 0.6638058617932914,
        "z_stat": 23.249193981315763,
        "p": 1.449490747035513e-119,
        "log10_p": -118.83878455266098,
        "weights": {
          "CEERS": 79.0,
          "COSMOS-Web": 915.0
        },
        "weight_share": {
          "CEERS": 0.079476861167002,
          "COSMOS-Web": 0.920523138832998
        }
      },
      "heterogeneity": {
        "Q": 0.07576351048284653,
        "df": 1,
        "p_Q": 0.7831228525443277,
        "I2": 0.0,
        "I2_pct": 0.0,
        "tau2": 0.0
      },
      "random_effects": {
        "k": 2,
        "n_total": 1000,
        "z_random": 0.7374196547858185,
        "rho_random": 0.6275836463035486,
        "se_z_random": 0.03171807398477756,
        "ci_rho_lower": 0.5884241778500799,
        "ci_rho_upper": 0.6638058617932914,
        "z_stat": 23.249193981315763,
        "p": 1.449490747035513e-119,
        "log10_p": -118.83878455266098,
        "weights": {
          "CEERS": 79.0,
          "COSMOS-Web": 915.0
        },
        "weight_share": {
          "CEERS": 0.079476861167002,
          "COSMOS-Web": 0.920523138832998
        },
        "prediction_interval_rho_95": [
          0.5884241778500799,
          0.6638058617932914
        ]
      }
    },
    "CEERS": {
      "fixed_effects": {
        "k": 2,
        "n_total": 1201,
        "z_fixed": 0.6825677749211708,
        "rho_fixed": 0.5931861829178585,
        "se_z_fixed": 0.028927842707018585,
        "ci_rho_lower": 0.5552012851584311,
        "ci_rho_upper": 0.628701700774739,
        "z_stat": 23.59552980961016,
        "p": 4.283695885346286e-123,
        "log10_p": -122.3681813688402,
        "weights": {
          "UNCOVER": 280.0,
          "COSMOS-Web": 915.0
        },
        "weight_share": {
          "UNCOVER": 0.23430962343096234,
          "COSMOS-Web": 0.7656903765690377
        }
      },
      "heterogeneity": {
        "Q": 10.676066545115173,
        "df": 1,
        "p_Q": 0.0010853059423398552,
        "I2": 0.9063325433787645,
        "I2_pct": 90.63325433787645,
        "tau2": 0.02256615831657422
      },
      "random_effects": {
        "k": 2,
        "n_total": 1201,
        "z_random": 0.628832011323058,
        "rho_random": 0.5572474403885419,
        "se_z_random": 0.1114375129603492,
        "ci_rho_lower": 0.388824558963978,
        "ci_rho_upper": 0.6896298318131944,
        "z_stat": 5.642911391488106,
        "p": 1.6719840774385193e-08,
        "log10_p": -7.776767862730444,
        "weights": {
          "UNCOVER": 38.259078938117355,
          "COSMOS-Web": 42.267115972952666
        },
        "weight_share": {
          "UNCOVER": 0.4751134581780399,
          "COSMOS-Web": 0.5248865418219602
        },
        "prediction_interval_rho_95": [
          0.256380989384936,
          0.7596695006320013
        ]
      }
    },
    "COSMOS-Web": {
      "fixed_effects": {
        "k": 2,
        "n_total": 365,
        "z_fixed": 0.5679113562601618,
        "rho_fixed": 0.5138237173414093,
        "se_z_fixed": 0.05277798139692595,
        "ci_rho_lower": 0.43371753871920504,
        "ci_rho_upper": 0.5858712813861573,
        "z_stat": 10.760384183492848,
        "p": 5.2948961549234266e-27,
        "log10_p": -26.276142552985384,
        "weights": {
          "UNCOVER": 280.0,
          "CEERS": 79.0
        },
        "weight_share": {
          "UNCOVER": 0.7799442896935933,
          "CEERS": 0.2200557103064067
        }
      },
      "heterogeneity": {
        "Q": 4.020048275995469,
        "df": 1,
        "p_Q": 0.04496242650535198,
        "I2": 0.7512467683606675,
        "I2_pct": 75.12467683606675,
        "tau2": 0.024507172944899944
      },
      "random_effects": {
        "k": 2,
        "n_total": 365,
        "z_random": 0.62162993665784,
        "rho_random": 0.5522618652725019,
        "se_z_random": 0.12646980526733614,
        "ci_rho_lower": 0.35726666657394596,
        "ci_rho_upper": 0.7011254727985932,
        "z_stat": 4.915243882473114,
        "p": 8.867200448260981e-07,
        "log10_p": -6.0522134739431,
        "weights": {
          "UNCOVER": 35.61430933155525,
          "CEERS": 26.90674602353043
        },
        "weight_share": {
          "UNCOVER": 0.5696370467402588,
          "CEERS": 0.4303629532597412
        },
        "prediction_interval_rho_95": [
          0.2233496354078687,
          0.7682654906686159
        ]
      }
    }
  },
  "influence": {
    "UNCOVER": {
      "n": 283,
      "rho": 0.4712708247076625,
      "rho_fixed": 0.5965742556445333,
      "rho_random": 0.5809377325990925,
      "delta_rho_fixed_minus_study": 0.12530343093687074,
      "delta_rho_random_minus_study": 0.10966690789143002,
      "weight_share_fixed": 0.21978021978021978,
      "weight_share_random": 0.3533750085124314,
      "loo_rho_random": 0.6275836463035486,