{
  "n_total": 2315,
  "web_inspired": {
    "compactness": {
      "rho_gamma_dust": 0.6029791257884878,
      "p": 2.0887757926899666e-29
    },
    "quenching_timescale": {
      "n_quenching": 15,
      "mean_gamma_quenching": 1.2369536170894644,
      "mean_gamma_all": 0.9442468339381135
    },
    "red_dots": {
      "n_red_dots": 75,
      "mean_gamma_rd": 1.199545687404427,
      "mean_gamma_normal": 0.8996141672481985,
      "ratio": 1.3334001742921409
    },
    "balmer_break": {
      "rho_gamma_mwa": 0.03582531215348176,
      "rho_teff_mwa": 0.03582531215348176
    }
  }
}