{
  "n_total": 2315,
  "tests": {
    "z_uncertainty": {
      "n": 2315,
      "rho": -0.32934459654806614,
      "p": 1.0816078051411505e-59,
      "strong": false
    },
    "mass_uncertainty": {
      "n": 2315,
      "rho": -0.3800120135377325,
      "p": 2.0169539428629936e-80,
      "strong": false
    },
    "age_uncertainty": {
      "n": 2315,
      "rho": -0.41619416877700255,
      "p": 1.1549850577809779e-97,
      "strong": false
    },
    "chi2_highz": {
      "n": 504,
      "rho": 0.14879998650248444,
      "p": 0.0008054072608500435,
      "strong": true
    },
    "dust_met_decoupling": {
      "n_enhanced": 202,
      "n_suppressed": 1383,
      "rho_enhanced": 0.2636621797610979,
      "rho_suppressed": 0.5389059397445328,
      "difference": 0.2752437599834349
    },
    "triple_correlation": {
      "n": 2315,
      "rho": 0.18607230953038317,
      "p": 1.766489831153148e-19,
      "strong": false
    },
    "t_eff_threshold": {
      "threshold": 0.3,
      "n_above": 1721,
      "n_below": 594,
      "mean_dust_above": 0.377820381712828,
      "mean_dust_below": 0.567537400923573,
      "ratio": 0.6657189131464958,
      "p": 1.0
    }
  },
  "summary": {
    "n_strong_evidence": 2,
    "strong_evidence": [
      {
        "name": "chi2_highz",
        "stat": 0.14879998650248444,
        "p": 0.0008054072608500435
      },
      {
        "name": "dust_met_decoupling",
        "stat": 0.2752437599834349,
        "p": null
      }
    ]
  }
}