{
  "n_total": 2315,
  "correlation_dive": {
    "gamma_dust": {
      "spearman": 0.5928581034360436,
      "pearson": 0.40132069694910966,
      "kendall": 0.4353306768914618
    },
    "killer_comparison": {
      "rho_cosmic": -0.006257604267814239,
      "rho_eff": 0.5987630920475109,
      "improvement": 0.6050206963153251
    },
    "monotonicity": {
      "increases": 8,
      "total": 9,
      "rate": 0.8888888888888888
    },
    "extreme_tails": {
      "t_eff_ratio": 5.539504790781506,
      "t_cosmic_ratio": 0.8542987583625463
    }
  }
}