{
  "step": "152",
  "name": "uncover_dr4_full_sps",
  "description": "UNCOVER DR4 Full SPS (MegaScience 20-band, Prospector-\u03b2)",
  "reference": "Wang et al. 2024; Suess et al. 2024; Price et al. 2025",
  "catalog_version": "DR4 (February 2025)",
  "n_total_catalog": 74020,
  "n_quality_z_gt_4": 2628,
  "n_z_gt_5": 1690,
  "n_z_gt_7": 860,
  "n_z_gt_8": 731,
  "n_zspec_quality": 203,
  "n_zspec_z_gt_4": 53,
  "n_zspec_z_gt_5": 35,
  "upgrade_factor_vs_step01": 1.1,
  "tep_signal_photoz": {
    "dust2_z_gt_4": {
      "N": 2628,
      "rho": -0.15496889785055878,
      "p": 1.3619751630539448e-15,
      "p_formatted": 1.3619751630539448e-15
    },
    "dust2_z_gt_5": {
      "N": 1690,
      "rho": -0.0525178043620722,
      "p": 0.030859563942036,
      "p_formatted": 0.030859563942036
    },
    "dust2_z_gt_7": {
      "N": 860,
      "rho": 0.16998082902057832,
      "p": 5.328269504632924e-07,
      "p_formatted": 5.328269504632924e-07
    },
    "dust2_z_gt_8": {
      "N": 731,
      "rho": 0.19395329176014697,
      "p": 1.2556043993348065e-07,
      "p_formatted": 1.2556043993348065e-07
    },
    "mwa_z_gt_4": {
      "N": 2628,
      "rho": 0.4939632725183654,
      "p": 9.939829468580512e-162,
      "p_formatted": 9.939829468580512e-162
    },
    "mwa_z_gt_7": {
      "N": 860,
      "rho": 0.3691118477558408,
      "p": 3.772549917969857e-29,
      "p_formatted": 3.772549917969857e-29
    },
    "met_z_gt_4": {
      "N": 2628,
      "rho": -0.10031877486066715,
      "p": 2.559400237018838e-07,
      "p_formatted": 2.559400237018838e-07
    },
    "dust2_partial_z_gt_4": {
      "N": 2628,
      "rho_partial": 0.2917570819175438,
      "p": 9.890337111914125e-53,
      "p_formatted": 9.890337111914125e-53,
      "note": "Partial rho(Gamma_t, dust2 | M*, z) \u2014 mass+z controlled"
    },
    "dust2_redshift_bins": [
      {
        "z_bin": "4-5",
        "z_mid": 4.5,
        "N": 938,
        "rho": -0.018236881751099967,
        "p": 0.5769545449693396,
        "p_formatted": 0.5769545449693396
      },
      {
        "z_bin": "5-6",
        "z_mid": 5.5,
        "N": 505,
        "rho": 0.0016897652498169074,
        "p": 0.9697844125146667,
        "p_formatted": 0.9697844125146667
      },
      {
        "z_bin": "6-7",
        "z_mid": 6.5,
        "N": 325,
        "rho": -0.032713194553685356,
        "p": 0.556780315950045,
        "p_formatted": 0.556780315950045
      },
      {
        "z_bin": "7-8",
        "z_mid": 7.5,
        "N": 129,
        "rho": 0.3194991055456172,
        "p": 0.000223628631295081,
        "p_formatted": 0.000223628631295081
      },
      {
        "z_bin": "8-9",
        "z_mid": 8.5,
        "N": 66,
        "rho": 0.6309779772466341,
        "p": 1.3542627112908851e-08,
        "p_formatted": 1.3542627112908851e-08
      },
      {
        "z_bin": "9-12",
        "z_mid": 10.5,
        "N": 122,
        "rho": 0.09170877103703973,
        "p": 0.3150665794360357,
        "p_formatted": 0.3150665794360357
      }
    ],
    "agb_threshold": {
      "N_above": 1979,
      "N_below": 649,
      "median_dust2_above": 0.2059781110031519,
      "median_dust2_below": 0.412536885955655,
      "dust2_ratio": 0.49929622784153455,
      "mannwhitney_p": 1.0,
      "p_formatted": 1.0
    }
  },
  "tep_signal_zspec": {
    "dust2_z_gt_2": {
      "N": 161,
      "rho": 0.5290602714515759,
      "p": 5.405897143614269e-13,
      "p_formatted": 5.405897143614269e-13,
      "note": "Spec-z fixed Prospector SED fit"
    },
    "dust2_z_gt_4": {
      "N": 53,
      "rho": 0.5899048540557975,
      "p": 3.346100340763601e-06,
      "p_formatted": 3.346100340763601e-06,
      "note": "Spec-z fixed Prospector SED fit"
    },
    "dust2_z_gt_5": {
      "N": 35,
      "rho": 0.6638655462184875,
      "p": 1.3760757544294391e-05,
      "p_formatted": 1.3760757544294391e-05,
      "note": "Spec-z fixed Prospector SED fit"
    }
  }
}