{
  "test": "Thread 4: \u0393_t vs Dust",
  "n": 1108,
  "raw_rho": 0.2116301857565652,
  "raw_p": 1.1008664763423664e-12,
  "partial_rho": 0.31848044532977515,
  "partial_p": 1.5407772480270278e-27,
  "ci_95": [
    0.26009508849206914,
    0.3712639523339773
  ],
  "partial_rho_double": 0.09691743401577572,
  "partial_p_double": 0.0012378151527462826,
  "ci_95_double": [
    0.029054705522114716,
    0.15748908830143563
  ],
  "significant": true,
  "significant_double": true,
  "interpretation": "Enhanced time \u2192 more dust processing"
}