{
  "best_alpha_dust": 0.024489795918367346,
  "max_rho_dust": 0.6029791257884878,
  "best_alpha_age": 0.024489795918367346,
  "max_rho_age": 0.019377853966021305,
  "nominal_rho_dust": 0.6029791257884878,
  "robustness_1sigma": 0.98
}