{
  "step": "149",
  "name": "jades_dr4_ingestion",
  "description": "JADES DR4 spectroscopic catalog ingestion and TEP analysis",
  "reference": "D'Eugenio et al. 2025; Curtis-Lake et al. 2025; Scholtz et al. 2025",
  "catalog_file": "JADES_DR4_spectroscopic_catalog.fits",
  "n_total_targets": 5190,
  "n_good_specz": 2858,
  "n_with_gamma_t": 1345,
  "tep_signal": {
    "full_sample": {
      "N": 1345,
      "spearman_rho_gamma_t_vs_MUV": 0.04560561416411325,
      "spearman_p": 0.09455072253811944,
      "p_formatted": 0.09455072253811944,
      "median_gamma_t": 0.6393847411103221,
      "median_MUV": -18.58910535961203
    },
    "z_gt_7": {
      "N": 114,
      "spearman_rho_gamma_t_vs_MUV": -0.27692837326097086,
      "spearman_p": 0.002856575954389816,
      "p_formatted": 0.002856575954389816,
      "median_gamma_t": 0.5672270005919648,
      "z_range": [
        7.001304483424567,
        10.603
      ]
    },
    "z_gt_8": {
      "N": 40,
      "spearman_rho_gamma_t_vs_MUV": -0.6395872420262665,
      "spearman_p": 8.870034252915474e-06,
      "p_formatted": 8.870034252915474e-06,
      "median_gamma_t": 0.5555655265309483,
      "z_range": [
        8.063322460563588,
        10.603
      ]
    },
    "photoz_vs_specz": {
      "N": 2751,
      "sigma_MAD": 0.04179850608090236,
      "eta_outlier_15pct": 0.0970556161395856,
      "median_dz": -0.0033092102035472905
    },
    "redshift_distribution": {
      "N_total": 2858,
      "N_z_gt_5": 495,
      "N_z_gt_7": 118,
      "N_z_gt_8": 41,
      "N_z_gt_10": 2,
      "z_max": 10.603,
      "z_median": 2.9833295236315083
    }
  },
  "cross_survey": {
    "jades_gamma_t_vs_MUV": {
      "rho": 0.04560561416411325,
      "p": 0.09455072253811944,
      "N": 1345
    },
    "uncover_gamma_t_vs_dust": {
      "rho": -0.2876948588498302,
      "p": 2.3218228874750027e-45,
      "N": 2315
    },
    "sign_consistent": false
  },
  "upgrade_vs_prior": {
    "prior_combined_specz": 147,
    "new_good_specz": 2858,
    "factor_increase": 19.4,
    "prior_z_gt_7": 32,
    "new_z_gt_7": 118
  }
}