{
  "negative_correlation": {
    "rho_raw": -0.006035944296748368,
    "p_raw": 0.7716158733152128,
    "rho_corrected": -0.2194228464571008,
    "p_corrected": 1.233912939419804e-26,
    "delta_rho": -0.21338690216035244,
    "tep_consistent": true,
    "within_bin_correlations": [
      -0.07435093145524996,
      0.08214429249269752
    ]
  },
  "trgb_constraint": {
    "observed": 0.054374999999999396,
    "predicted": 0.13672243888786867,
    "ratio": 0.39770355504405847,
    "sigma_ratio_eff": 1.547935353233443,
    "sigma_disk_eff": 50,
    "sigma_halo_eff": 77.39676766167214
  },
  "screening_saturation": {
    "bin_centers": [
      10.25,
      10.75,
      11.25,
      11.75
    ],
    "mean_gamma": [
      0.6181654533612102,
      0.6476145182862273,
      0.703323989636863,
      0.832405793470534
    ],
    "sem_gamma": [
      0.0011813493709234785,
      0.001957780733452926,
      0.0035347105651753856,
      0.013459248477835792
    ],
    "slope": 0.13968609833572143,
    "expected_slope": 0.5392906277903057,
    "slope_ratio": 0.2590182197455804,
    "saturation_detected": true
  },
  "selection_effects": {
    "rho_mass_z": -0.06956931990498777,
    "rho_controlled": 0.11981084757092053,
    "p_controlled": 7.366053945735522e-09,
    "rho_gamma_controlled": 0.034085486971101385,
    "p_gamma_controlled": 0.10108940161821708,
    "selection_robust": true
  },
  "prediction_precision": {
    "coefficients": {
      "a": 0.04980419423532872,
      "b": 0.00612957416601252,
      "c": 0.09447539171102302
    },
    "rmse": 0.06329209194561412,
    "r2": 0.02680874006874412,
    "r2_null": 0.015927740526915257,
    "delta_r2": 0.010880999541828862
  }
}