{
  "pressure": {
    "threshold": 1.2390645155807014,
    "n_extreme": 116,
    "normalized": false
  },
  "stratification": {
    "means": {
      "Q1": {
        "age_ratio": 0.16081073432917045,
        "z": 7.266342329460601,
        "log_Mstar": 8.149873840293633
      },
      "Q2": {
        "age_ratio": 0.14878639798459461,
        "z": 5.427472312178998,
        "log_Mstar": 8.213668351315524
      },
      "Q3": {
        "age_ratio": 0.15377302205616114,
        "z": 5.159638008635895,
        "log_Mstar": 8.431040564867013
      },
      "Q4": {
        "age_ratio": 0.18136180554172499,
        "z": 5.448362450294605,
        "log_Mstar": 9.058572711889349
      }
    },
    "rho": 0.39999999999999997,
    "spectrum": false
  },
  "robustness": {
    "cv": 0.029430535321637884,
    "hard": true
  },
  "residuals": {
    "rho_resid": -0.7863467603215656,
    "no_residuals": false
  },
  "multi_angle": {
    "angles": [
      [
        "UNCOVER age_ratio",
        0.04789577527211646,
        0.021191412985561757
      ],
      [
        "UNCOVER t_eff",
        0.9161255798198489,
        0.0
      ],
      [
        "JADES age_ratio",
        0.8727631237144158,
        6.901876289112809e-133
      ],
      [
        "JADES age_excess",
        0.13639510466127044,
        0.005004678334581035
      ]
    ],
    "multi_angle_pass": true
  }
}