z,t_cosmic,gamma_halo,gamma_cen,boost_factor
4,1.5376119055792732,1.0327516958527967,2.800665640816645,1.717569941186292e+26
5,1.1707060409971528,1.1574311401975148,4.295732718586144,2.8708326430332837e+35
6,0.9292649497655731,1.3429538838781805,7.0107771052328465,6.774583023811841e+50
7,0.7605794020397411,1.6118027941648616,12.138899428720075,1.8728398547089413e+77
8,0.6373066474552558,1.9993788731404443,22.243889420920063,3.2860826467535744e+124
9,0.5440162180845616,2.5614535588802716,43.0473027566555,3.652763431325227e+212
10,0.47141478279933635,3.38678512206542,87.81882839685312,inf
