{
  "kappa_gal": 960000.0,
  "kappa_gal_uncertainty": 400000.0,
  "log_Mh_ref": 12.0,
  "z_ref": 5.5,
  "gamma_t_stats_full": {
    "min": 0.5179122707916165,
    "max": 5.209312694395064,
    "median": 0.6198293440759494,
    "n_gt_1": 12,
    "n_gt_1p5": 5
  },
  "gamma_t_stats_multi": {
    "min": 0.5179122707916165,
    "max": 5.209312694395064,
    "median": 0.6340092838054383
  }
}