{
  "n_total": 2315,
  "predictive_power": {
    "dust_prediction": {
      "r2_mass": 0.46252250389271865,
      "r2_gamma": 0.16105830179971936,
      "r2_teff": 0.17758763923832133,
      "r2_both": 0.4627627401051292,
      "gamma_adds": 0.00024023621241053839
    },
    "cv_prediction": {
      "mean_r2": 0.09021129668925329,
      "std_r2": 0.1975037884903483
    },
    "oos_prediction": {
      "n_train": 179,
      "n_test": 104,
      "r2_oos": -1.1081035195136644,
      "rmse_oos": 0.7910876317433982
    },
    "feature_importance": {
      "log_Mstar": 0.3430656193107125,
      "gamma_t": 0.33213293205773,
      "t_eff": 0.32480144863155763
    },
    "null_comparison": {
      "r2_null": 0.0,
      "r2_tep": 0.16105830179971936,
      "improvement": 0.16105830179971936
    }
  }
}