{
  "alpha_eff": 960000.0,
  "alpha_uncertainty": 400000.0,
  "log_Mh_ref": 11.0,
  "z_ref": 5.5,
  "gamma_t_stats_full": {
    "min": 0.8777087079571723,
    "max": 8.765758519702652,
    "median": 0.9184087899677778,
    "n_gt_1": 133,
    "n_gt_1p5": 13
  },
  "gamma_t_stats_multi": {
    "min": 0.8777087079571723,
    "max": 8.765758519702652,
    "median": 0.9256813078370656
  }
}