{
  "traditional_mass_step": {
    "threshold_log_Mstar": 10.0,
    "n_low_mass": 683,
    "n_high_mass": 758,
    "mean_residual_low": -0.007959183779825334,
    "mean_residual_high": 0.007171665595796805,
    "mass_step_mag": 0.01513084937562214,
    "mass_step_err": 0.008144307558280077,
    "t_statistic": 1.8628308285535873,
    "p_value": 0.06268970070200323,
    "significance_sigma": 1.8628308285535873
  },
  "continuous_correlation": {
    "spearman_rho": 0.015298882679072123,
    "spearman_p": 0.5617235832672017,
    "pearson_r": 0.00875781875794207,
    "pearson_p": 0.7397615761185348,
    "linear_slope": 0.001101596533600757,
    "linear_slope_err": 0.0033157330234210723,
    "linear_intercept": -0.010787549852830819
  },
  "tep_prediction_test": {
    "median_log_Mstar_low": 9.134,
    "median_log_Mstar_high": 10.64875,
    "tep_prediction": {
      "sigma_low": 61.49132516526138,
      "sigma_high": 86.85880546453777,
      "sigma_low_screened": 61.49132516526138,
      "sigma_high_screened": 86.85880546453777,
      "sigma_ref": 75.25,
      "alpha": 0.58,
      "delta_mu_low": -0.050861738091655256,
      "delta_mu_high": 0.03613826190834497,
      "delta_mu_predicted_no_group": 0.08700000000000022,
      "f_group_low": 0.3,
      "f_group_high": 0.6,
      "delta_mu_predicted": 0.050058521427496665
    },
    "observed_mass_step": 0.01513084937562214,
    "observed_mass_step_err": 0.008144307558280077,
    "literature_mass_step": 0.06,
    "predicted_mass_step": 0.050058521427496665,
    "ratio_lit_pred": 1.1985971277018697,
    "ratio_obs_pred": 0.30226321002183876,
    "sign_consistent": true
  },
  "binned_analysis": {
    "n_bins": 5,
    "bin_results": [
      {
        "bin": 0,
        "n": 289,
        "mean_log_Mstar": 7.836999896193771,
        "mean_residual": 0.0002583394439812608,
        "sem_residual": 0.009824439080535496,
        "sigma_inferred": 21.040876459502574,
        "delta_mu_predicted": -0.3209967531435583
      },
      {
        "bin": 1,
        "n": 288,
        "mean_log_Mstar": 9.3728271875,
        "mean_residual": -0.017733340501205785,
        "sem_residual": 0.009258832006189847,
        "sigma_inferred": 50.93550886224712,
        "delta_mu_predicted": -0.09830179590415512
      },
      {
        "bin": 2,
        "n": 288,
        "mean_log_Mstar": 10.049322847222221,
        "mean_residual": 0.0143491711772207,
        "sem_residual": 0.007857218368109943,
        "sigma_inferred": 75.18731293893049,
        "delta_mu_predicted": -0.00020992524443307756
      },
      {
        "bin": 3,
        "n": 288,
        "mean_log_Mstar": 10.567662152777778,
        "mean_residual": 0.006781253424507194,
        "sem_residual": 0.009264743179241622,
        "sigma_inferred": 101.32798131017697,
        "delta_mu_predicted": 0.07494927406112273
      },
      {
        "bin": 4,
        "n": 288,
        "mean_log_Mstar": 11.143230902777779,
        "mean_residual": -0.0036563205564849907,
        "sem_residual": 0.009008061780585882,
        "sigma_inferred": 141.13072679811256,
        "delta_mu_predicted": 0.15840674281112274
      }
    ],
    "bin_correlation_rho": 0.09999999999999999,
    "bin_correlation_p": 0.8728885715695383
  }
}