{
  "step": "165",
  "name": "uncover_z9_reddening_stack",
  "status": "SUCCESS",
  "description": "Catalog-level stacked reddening surrogate for the UNCOVER z=9-12 null branch",
  "input_catalog": "/Users/matthewsmawfield/www/TEP-JWST/results/interim/step_152_uncover_dr4_full_sps.csv",
  "rationale": "No local extracted spectra are available in the canonical workspace, so the analysis uses broad-posterior z=9-12 catalog objects as a surrogate for faint or weakly constrained targets.",
  "selection": {
    "z_window": [
      9.0,
      12.0
    ],
    "required_columns": [
      "gamma_t",
      "dust2",
      "dust2_16",
      "dust2_84",
      "UV",
      "VJ"
    ],
    "n_total_after_selection": 122,
    "n_posterior_broad": 61,
    "median_sigma_dust2": 0.49281593790919365
  },
  "contrasts": {
    "all_objects_q33_q67": {
      "subset_label": "all_objects_q33_q67",
      "gamma_t_quantiles": [
        0.3333333333333333,
        0.6666666666666666
      ],
      "gamma_t_threshold_low": 0.5439678908836288,
      "gamma_t_threshold_high": 0.9312369922621218,
      "n_total": 122,
      "n_low": 41,
      "n_high": 41,
      "median_gamma_t_low": 0.4584872683009303,
      "median_gamma_t_high": 2.093307612921745,
      "raw_spearman_gamma_t_vs_dust2": {
        "rho": -0.0013449165788230162,
        "p": 0.9882697893013033
      },
      "metrics": {
        "dust2": {
          "metric": "dust2",
          "n_low": 41,
          "n_high": 41,
          "low_median": 0.4813715352107536,
          "high_median": 0.4822948538650591,
          "low_weighted_mean": 0.13712828992673715,
          "high_weighted_mean": 0.06474718245117334,
          "delta_weighted_high_minus_low": -0.07238110747556381,
          "bootstrap_ci_95": [
            -0.40436214899780554,
            0.0834794128512166
          ],
          "bootstrap_supportive_p_one_sided": 0.8637840539865034,
          "mannwhitney_p_two_sided": 0.8820395569640831
        },
        "UV": {
          "metric": "UV",
          "n_low": 41,
          "n_high": 41,
          "low_median": 0.6768136155793734,
          "high_median": 0.6107666629119528,
          "low_weighted_mean": 0.16470359369843127,
          "high_weighted_mean": 0.01718969778833727,
          "delta_weighted_high_minus_low": -0.147513895910094,
          "bootstrap_ci_95": [
            -0.6726761866403814,
            0.1659668760105073
          ],
          "bootstrap_supportive_p_one_sided": 0.8255436140964759,
          "mannwhitney_p_two_sided": 0.7245289213657882
        },
        "VJ": {
          "metric": "VJ",
          "n_low": 41,
          "n_high": 41,
          "low_median": 0.3876065230340231,
          "high_median": 0.3231095648251951,
          "low_weighted_mean": -0.3222725337366628,
          "high_weighted_mean": -0.5265420888514463,
          "delta_weighted_high_minus_low": -0.20426955511478345,
          "bootstrap_ci_95": [
            -0.8693331743262165,
            0.08842548048217029
          ],
          "bootstrap_supportive_p_one_sided": 0.9330167458135467,
          "mannwhitney_p_two_sided": 0.7879709381906489
        }
      }
    },
    "all_objects_q25_q75": {
      "subset_label": "all_objects_q25_q75",
      "gamma_t_quantiles": [
        0.25,
        0.75
      ],
      "gamma_t_threshold_low": 0.4934612834026456,
      "gamma_t_threshold_high": 1.1878731952958286,
      "n_total": 122,
      "n_low": 31,
      "n_high": 31,
      "median_gamma_t_low": 0.4373446322920102,
      "median_gamma_t_high": 2.80480239289489,
      "raw_spearman_gamma_t_vs_dust2": {
        "rho": -0.0013449165788230162,
        "p": 0.9882697893013033
      },
      "metrics": {
        "dust2": {
          "metric": "dust2",
          "n_low": 31,
          "n_high": 31,
          "low_median": 0.4290181998146755,
          "high_median": 0.3636989664347484,
          "low_weighted_mean": 0.11269838918264788,
          "high_weighted_mean": 0.06331822593170087,
          "delta_weighted_high_minus_low": -0.049380163250947004,
          "bootstrap_ci_95": [
            -0.3765549232590921,
            0.11765044265705932
          ],
          "bootstrap_supportive_p_one_sided": 0.7988002999250188,
          "mannwhitney_p_two_sided": 1.0
        },
        "UV": {
          "metric": "UV",
          "n_low": 31,
          "n_high": 31,
          "low_median": 0.6412102203303398,
          "high_median": 0.4010357258207158,
          "low_weighted_mean": 0.12750040517017605,
          "high_weighted_mean": 0.003571138630518368,
          "delta_weighted_high_minus_low": -0.12392926653965769,
          "bootstrap_ci_95": [
            -0.6345961162752722,
            0.20247837122338339
          ],
          "bootstrap_supportive_p_one_sided": 0.7953011747063234,
          "mannwhitney_p_two_sided": 0.854781183252115
        },
        "VJ": {
          "metric": "VJ",
          "n_low": 31,
          "n_high": 31,
          "low_median": 0.2980447716728918,
          "high_median": 0.0065081775177837,
          "low_weighted_mean": -0.36817799386732153,
          "high_weighted_mean": -0.5176841429353566,
          "delta_weighted_high_minus_low": -0.14950614906803505,
          "bootstrap_ci_95": [
            -0.8260338197671074,
            0.17641364259776363
          ],
          "bootstrap_supportive_p_one_sided": 0.8740314921269683,
          "mannwhitney_p_two_sided": 0.854781183252115
        }
      }
    },
    "posterior_broad_q33_q67": {
      "subset_label": "posterior_broad_q33_q67",
      "gamma_t_quantiles": [
        0.3333333333333333,
        0.6666666666666666
      ],
      "gamma_t_threshold_low": 0.4980627589090104,
      "gamma_t_threshold_high": 0.7156557891902567,
      "n_total": 61,
      "n_low": 21,
      "n_high": 21,
      "median_gamma_t_low": 0.4458153275943958,
      "median_gamma_t_high": 1.11865219913968,
      "raw_spearman_gamma_t_vs_dust2": {
        "rho": 0.2683765203595981,
        "p": 0.03650502406987176
      },
      "metrics": {
        "dust2": {
          "metric": "dust2",
          "n_low": 21,
          "n_high": 21,
          "low_median": 0.6232545135985226,
          "high_median": 0.6990635505273736,
          "low_weighted_mean": 0.5995269899958559,
          "high_weighted_mean": 0.7809532627210758,
          "delta_weighted_high_minus_low": 0.18142627272521994,
          "bootstrap_ci_95": [
            0.0008339304247655036,
            0.3722612457040169
          ],
          "bootstrap_supportive_p_one_sided": 0.02499375156210947,
          "mannwhitney_p_two_sided": 0.12490665613221592
        },
        "UV": {
          "metric": "UV",
          "n_low": 21,
          "n_high": 21,
          "low_median": 0.7448709562962677,
          "high_median": 0.921467341658829,
          "low_weighted_mean": 0.7582087157608662,
          "high_weighted_mean": 1.027280055652873,
          "delta_weighted_high_minus_low": 0.2690713398920067,
          "bootstrap_ci_95": [
            0.07085081888689695,
            0.4973479811834956
          ],
          "bootstrap_supportive_p_one_sided": 0.0032491877030742314,
          "mannwhitney_p_two_sided": 0.03913441955853052
        },
        "VJ": {
          "metric": "VJ",
          "n_low": 21,
          "n_high": 21,
          "low_median": 0.4917925955156477,
          "high_median": 0.6726223175527437,
          "low_weighted_mean": 0.48297519552798773,
          "high_weighted_mean": 0.7355747783291205,
          "delta_weighted_high_minus_low": 0.2525995828011328,
          "bootstrap_ci_95": [
            0.03689239427890859,
            0.47894875830917083
          ],
          "bootstrap_supportive_p_one_sided": 0.010997250687328168,
          "mannwhitney_p_two_sided": 0.05274632203096377
        }
      }
    },
    "posterior_broad_q25_q75": {
      "subset_label": "posterior_broad_q25_q75",
      "gamma_t_quantiles": [
        0.25,
        0.75
      ],