{
  "single_split": {
    "alpha_calibrated": 0.58,
    "alpha_reference": 0.58,
    "rho_tep": 0.3030025423024555,
    "rho_mass": 0.31376952578798767,
    "rho_partial": 0.5730011678464816,
    "p_partial": 1.1641561314766894e-49,
    "partial_significant": true
  },
  "cross_validation": {
    "n_folds": 5,
    "alpha_mean": 0.58,
    "alpha_std": 0.0,
    "rho_partial_mean": 0.42923014445778895,
    "rho_partial_std": 0.160123159735628,
    "significant_folds": 5,
    "combined_chi2": 301.60247286218953,
    "combined_p": 7.126219794298224e-59
  },
  "validation_status": "strong"
}