{
  "cosmosweb_source": "cosmosweb_real",
  "cosmosweb_n": 2606,
  "mass_dust": {
    "rho": 0.6312839008933939,
    "ci_lo": 0.5846365347015254,
    "ci_hi": 0.6717956046978604,
    "p": 3.187527498546598e-103,
    "n": 918
  },
  "gamma_dust": {
    "rho_raw": 0.6260262084989178,
    "p_raw": 4.799753214786118e-101,
    "rho_partial": 0.07749288382487049,
    "p_partial": 0.018861748059735707
  },
  "teff_dust": {
    "rho": 0.46508780165729585,
    "p": 1.864575676600412e-50
  },
  "survey_comparison": {
    "uncover": {
      "n": 283,
      "rho": 0.5594522703471411,
      "p": 1.046457458256734e-24
    },
    "ceers": {
      "n": 82,
      "rho": 0.680499776885319,
      "p": 2.026059724327422e-12
    }
  },
  "replication_status": "confirmed"
}