{
  "n_total": 2315,
  "cutting_edge": {
    "overmassive_bh": {
      "rho": -0.9749237718432454,
      "ratio": 0.8530949118439903
    },
    "disk_morphology": {
      "mean_gamma_disk": 0.6315318763784435,
      "mean_gamma_irregular": 0.6084471357072316
    },
    "photon_budget": {
      "mean_ratio": 0.5882883946478914
    },
    "nitrogen_enrichment": {
      "rho_cosmic": -0.0532311083991103,
      "rho_teff": -0.025996308804410694,
      "improvement": 0.027234799594699606
    },
    "proto_gc": {
      "n": 87,
      "mean_gamma_pgc": 0.7164760356963951,
      "mean_gamma_normal": 0.5735605466540828,
      "ratio": 1.249172454200385
    }
  }
}