{
  "step": "Step 094: Enhanced Environmental Screening",
  "n_galaxies": 2315,
  "tep_prediction": "Screening should SUPPRESS Gamma_t-dust correlation in dense environments",
  "density_estimator_tests": {
    "density_5nn": {
      "n_total": 2315,
      "n_high_density": 1157,
      "n_low_density": 1158,
      "median_density": 7.137383335275645,
      "rho_high_density": -0.3705025967014064,
      "p_high_density": 5.841961274253734e-39,
      "rho_low_density": -0.17416344890399102,
      "p_low_density": 2.432476141062938e-09,
      "delta_rho": 0.19633914779741538,
      "delta_rho_ci_low": 0.11538651287533794,
      "delta_rho_ci_high": 0.2820933107894671,
      "tep_prediction": "rho_low > rho_high (screening suppresses in dense regions)",
      "tep_confirmed": true,
      "interpretation": "SUPPORTS TEP"
    },
    "density_1arcmin": {
      "n_total": 2315,
      "n_high_density": 1126,
      "n_low_density": 1189,
      "median_density": 5.411268065124442,
      "rho_high_density": -0.31779168827157084,
      "p_high_density": 7.694643975501853e-28,
      "rho_low_density": -0.15753376611240363,
      "p_low_density": 4.7486040818032106e-08,
      "delta_rho": 0.1602579221591672,
      "delta_rho_ci_low": 0.07912907569889539,
      "delta_rho_ci_high": 0.24066479072648844,
      "tep_prediction": "rho_low > rho_high (screening suppresses in dense regions)",
      "tep_confirmed": true,
      "interpretation": "SUPPORTS TEP"
    },
    "density_2arcmin": {
      "n_total": 2315,
      "n_high_density": 1132,
      "n_low_density": 1183,
      "median_density": 4.297183463481174,
      "rho_high_density": -0.21966416812753295,
      "p_high_density": 7.782287949694964e-14,
      "rho_low_density": -0.19205491298911842,
      "p_low_density": 2.7234032924296357e-11,
      "delta_rho": 0.02760925513841453,
      "delta_rho_ci_low": -0.058361160408262294,
      "delta_rho_ci_high": 0.11841960269803642,
      "tep_prediction": "rho_low > rho_high (screening suppresses in dense regions)",
      "tep_confirmed": false,
      "interpretation": "INCONCLUSIVE or CONTRADICTS"
    },
    "overdensity": {
      "n_total": 2315,
      "n_high_density": 1132,
      "n_low_density": 1183,
      "median_density": -0.035334789218220884,
      "rho_high_density": -0.21966416812753295,
      "p_high_density": 7.782287949694964e-14,
      "rho_low_density": -0.19205491298911842,
      "p_low_density": 2.7234032924296357e-11,
      "delta_rho": 0.02760925513841453,
      "delta_rho_ci_low": -0.060364342290222577,
      "delta_rho_ci_high": 0.11102543501785875,
      "tep_prediction": "rho_low > rho_high (screening suppresses in dense regions)",
      "tep_confirmed": false,
      "interpretation": "INCONCLUSIVE or CONTRADICTS"
    }
  },
  "redshift_bin_tests": [
    {
      "n_total": 1439,
      "n_high_density": 706,
      "n_low_density": 733,
      "median_density": 5.570423008216337,
      "rho_high_density": 0.050677720415040706,
      "p_high_density": 0.17861916715180426,
      "rho_low_density": -0.11679234763451381,
      "p_low_density": 0.001537650593895253,
      "delta_rho": -0.1674700680495545,
      "delta_rho_ci_low": -0.2704794208213262,
      "delta_rho_ci_high": -0.06090726012635066,
      "tep_prediction": "rho_low > rho_high (screening suppresses in dense regions)",
      "tep_confirmed": false,
      "interpretation": "INCONCLUSIVE or CONTRADICTS",
      "z_range": "4-6"
    },
    {
      "n_total": 593,
      "n_high_density": 292,
      "n_low_density": 301,
      "median_density": 2.626056561016273,
      "rho_high_density": -0.4469037702682707,
      "p_high_density": 9.643478911437996e-16,
      "rho_low_density": 0.05716177861873227,
      "p_low_density": 0.32295588133322284,
      "delta_rho": 0.504065548887003,
      "delta_rho_ci_low": 0.34788652922534624,
      "delta_rho_ci_high": 0.6524869488867878,
      "tep_prediction": "rho_low > rho_high (screening suppresses in dense regions)",
      "tep_confirmed": true,
      "interpretation": "SUPPORTS TEP",
      "z_range": "6-8"
    },
    {
      "n_total": 283,
      "n_high_density": 136,
      "n_low_density": 147,
      "median_density": 1.3528170162811104,
      "rho_high_density": 0.18006297409474736,
      "p_high_density": 0.03593413947680611,
      "rho_low_density": 0.6077340969708875,
      "p_low_density": 3.2885721878717787e-16,
      "delta_rho": 0.4276711228761402,
      "delta_rho_ci_low": 0.22089643282220212,
      "delta_rho_ci_high": 0.6337300842394099,
      "tep_prediction": "rho_low > rho_high (screening suppresses in dense regions)",
      "tep_confirmed": true,
      "interpretation": "SUPPORTS TEP",
      "z_range": "8-10"
    }
  ],
  "isolation_test": {
    "n_field": 1147,
    "n_clustered": 1168,
    "rho_field": -0.1675314101692309,
    "p_field": 1.142762670488143e-08,
    "rho_clustered": -0.2440736474620673,
    "p_clustered": 2.6552407878462385e-17,
    "delta_rho": 0.07654223729283641,
    "tep_prediction": "rho_field > rho_clustered",
    "tep_confirmed": true
  },
  "summary": {
    "n_tests": 5,
    "n_supporting_tep": 3,
    "fraction_supporting": 0.6,
    "conclusion": "3/5 density estimators show the predicted screening pattern"
  }
}