{
  "step": "step_147",
  "name": "Cosmic SFRD Correction",
  "surveys": {
    "UNCOVER": [
      {
        "z_lo": 6,
        "z_hi": 7,
        "z_mid": 6.5,
        "n": 372,
        "volume_Mpc3": 109317.38154306414,
        "sfrd_obs": 0.012614043263168211,
        "sfrd_corr_m05": 0.012614041927797887,
        "sfrd_corr_m07": 0.012614041393649874,
        "sfrd_lcdm_extrapolation": 0.021134890398366465,
        "sfrd_madau_dickinson": 0.01681608696324755,
        "log_sfrd_obs": -1.8991456838133662,
        "log_sfrd_corr": -1.899145729789425,
        "log_sfrd_corr_m07": -1.899145748179846,
        "log_sfrd_lcdm": -1.675,
        "excess_factor_obs": 0.5968350450562622,
        "excess_factor_corr": 0.5968349818730471,
        "sfrd_reduction_pct": 1.0586378185184486e-05,
        "mean_gamma_t": 0.9999999660527159,
        "mean_sfr_correction": 0.9999999830263574
      },
      {
        "z_lo": 7,
        "z_hi": 8,
        "z_mid": 7.5,
        "n": 221,
        "volume_Mpc3": 98190.83422864426,
        "sfrd_obs": 0.008531247342201991,
        "sfrd_corr_m05": 0.008531246837177977,
        "sfrd_corr_m07": 0.008531246635168395,
        "sfrd_lcdm_extrapolation": 0.009440608762859235,
        "sfrd_madau_dickinson": 0.011726093249474445,
        "log_sfrd_obs": -2.0689874665778683,
        "log_sfrd_corr": -2.0689874922867872,
        "log_sfrd_corr_m07": -2.068987502570354,
        "log_sfrd_lcdm": -2.025,
        "excess_factor_obs": 0.9036755527636302,
        "excess_factor_corr": 0.9036754992687734,
        "sfrd_reduction_pct": 5.91969724350605e-06,
        "mean_gamma_t": 0.9999999623331337,
        "mean_sfr_correction": 0.9999999811665663
      },
      {
        "z_lo": 8,
        "z_hi": 9,
        "z_mid": 8.5,
        "n": 179,
        "volume_Mpc3": 88664.14015032409,
        "sfrd_obs": 0.024897093294223738,
        "sfrd_corr_m05": 0.024897082294510455,
        "sfrd_corr_m07": 0.024897077894627105,
        "sfrd_lcdm_extrapolation": 0.004216965034285823,
        "sfrd_madau_dickinson": 0.008502704242699735,
        "log_sfrd_obs": -1.603851353304511,
        "log_sfrd_corr": -1.603851545178951,
        "log_sfrd_corr_m07": -1.6038516219287164,
        "log_sfrd_lcdm": -2.375,
        "excess_factor_obs": 5.9040312385327285,
        "excess_factor_corr": 5.904028630089644,
        "sfrd_reduction_pct": 4.418071279932434e-05,
        "mean_gamma_t": 0.9999999785202007,
        "mean_sfr_correction": 0.9999999892600974
      },
      {
        "z_lo": 9,
        "z_hi": 10,
        "z_mid": 9.5,
        "n": 104,
        "volume_Mpc3": 80503.5857569254,
        "sfrd_obs": 0.015701758119773392,
        "sfrd_corr_m05": 0.01570174532003343,
        "sfrd_corr_m07": 0.015701740200141347,
        "sfrd_lcdm_extrapolation": 0.0018836490894898021,
        "sfrd_madau_dickinson": 0.0063642712653969626,
        "log_sfrd_obs": -1.8040517170832644,
        "log_sfrd_corr": -1.8040520711110528,
        "log_sfrd_corr_m07": -1.804052212722141,
        "log_sfrd_lcdm": -2.7249999999999996,
        "excess_factor_obs": 8.335819132865298,
        "excess_factor_corr": 8.335812337682462,
        "sfrd_reduction_pct": 8.151787758148288e-05,
        "mean_gamma_t": 1.0000000217807856,
        "mean_sfr_correction": 1.0000000108903835
      }
    ],
    "CEERS": [
      {
        "z_lo": 6,
        "z_hi": 7,
        "z_mid": 6.5,
        "n": 1835,
        "volume_Mpc3": 242927.5145401426,
        "sfrd_obs": 0.1497841808601926,
        "sfrd_corr_m05": 0.1497838911385995,
        "sfrd_corr_m07": 0.14978377525024578,
        "sfrd_lcdm_extrapolation": 0.021134890398366465,
        "sfrd_madau_dickinson": 0.01681608696324755,
        "log_sfrd_obs": -0.8245340513088022,
        "log_sfrd_corr": -0.8245348913481851,
        "log_sfrd_corr_m07": -0.8245352273635712,
        "log_sfrd_lcdm": -1.675,
        "excess_factor_obs": 7.0870573746514225,
        "excess_factor_corr": 7.08704366643777,
        "sfrd_reduction_pct": 0.0001934260289937484,
        "mean_gamma_t": 0.9999999871549354,
        "mean_sfr_correction": 0.9999999935773616
      },
      {
        "z_lo": 7,
        "z_hi": 8,
        "z_mid": 7.5,
        "n": 554,
        "volume_Mpc3": 218201.8538414319,
        "sfrd_obs": 0.042609034075141966,
        "sfrd_corr_m05": 0.042609012119726945,
        "sfrd_corr_m07": 0.042609003337566044,
        "sfrd_lcdm_extrapolation": 0.009440608762859235,
        "sfrd_madau_dickinson": 0.011726093249474445,
        "log_sfrd_obs": -1.3704983109201903,
        "log_sfrd_corr": -1.3704985347017955,
        "log_sfrd_corr_m07": -1.370498624214418,
        "log_sfrd_lcdm": -2.025,
        "excess_factor_obs": 4.5133778070300155,
        "excess_factor_corr": 4.513375481394501,
        "sfrd_reduction_pct": 5.1527605582357694e-05,
        "mean_gamma_t": 0.9999999737887894,
        "mean_sfr_correction": 0.9999999868943915
      },
      {
        "z_lo": 8,
        "z_hi": 9,
        "z_mid": 8.5,
        "n": 382,
        "volume_Mpc3": 197031.4225562755,
        "sfrd_obs": 0.013482906925238071,
        "sfrd_corr_m05": 0.013482903015768667,
        "sfrd_corr_m07": 0.01348290145198155,
        "sfrd_lcdm_extrapolation": 0.004216965034285823,
        "sfrd_madau_dickinson": 0.008502704242699735,
        "log_sfrd_obs": -1.8702164634767697,
        "log_sfrd_corr": -1.8702165894037115,
        "log_sfrd_corr_m07": -1.8702166397744777,
        "log_sfrd_lcdm": -2.375,
        "excess_factor_obs": 3.1973010958392996,
        "excess_factor_corr": 3.1973001687580047,
        "sfrd_reduction_pct": 2.8995745693372044e-05,
        "mean_gamma_t": 0.9999999485445737,
        "mean_sfr_correction": 0.9999999742722847
      },
      {
        "z_lo": 9,
        "z_hi": 10,
        "z_mid": 9.5,
        "n": 236,
        "volume_Mpc3": 178896.85723761236,
        "sfrd_obs": 0.02078518178664752,
        "sfrd_corr_m05": 0.020785170602425886,
        "sfrd_corr_m07": 0.020785166128740366,
        "sfrd_lcdm_extrapolation": 0.0018836490894898021,
        "sfrd_madau_dickinson": 0.0063642712653969626,
        "log_sfrd_obs": -1.6822461728131592,
        "log_sfrd_corr": -1.6822464065011347,
        "log_sfrd_corr_m07": -1.6822464999762945,
        "log_sfrd_lcdm": -2.7249999999999996,
        "excess_factor_obs": 11.034529681044422,
        "excess_factor_corr": 11.034523743515134,
        "sfrd_reduction_pct": 5.3808630351426245e-05,
        "mean_gamma_t": 0.9999999909725247,
        "mean_sfr_correction": 0.9999999954862402
      },
      {
        "z_lo": 10,
        "z_hi": 12,
        "z_mid": 11.0,
        "n": 269,
        "volume_Mpc3": 313094.72315809503,
        "sfrd_obs": 0.010613820284067748,
        "sfrd_corr_m05": 0.0106138167197967,
        "sfrd_corr_m07": 0.0106138152940888,
        "sfrd_lcdm_extrapolation": 0.0005623413251903491,
        "sfrd_madau_dickinson": 0.0043225674119272365,
        "log_sfrd_obs": -1.9741282702301364,
        "log_sfrd_corr": -1.9741284160723935,
        "log_sfrd_corr_m07": -1.9741284744092888,
        "log_sfrd_lcdm": -3.25,
        "excess_factor_obs": 18.874338073011145,
        "excess_factor_corr": 18.87433173474133,
        "sfrd_reduction_pct": 3.3581415104233514e-05,
        "mean_gamma_t": 1.0000008105970506,
        "mean_sfr_correction": 1.000000405295488
      }
    ]
  },
  "combined": [
    {
      "z_lo": 6,
      "z_hi": 7,
      "z_mid": 6.5,
      "n": 2207,
      "log_sfrd_obs": -0.9697479411451384,
      "log_sfrd_corr": -0.9697487521909116,
      "log_sfrd_corr_m07": -0.9697490766088528,
      "log_sfrd_lcdm": -1.675,
      "log_sfrd_md14": -1.7742750553857138,
      "excess_factor_obs": 5.072850444777064,
      "excess_factor_corr": 5.072840971228029,
      "sfrd_reduction_pct": 0.0001867500163399427
    },
    {
      "z_lo": 7,
      "z_hi": 8,
      "z_mid": 7.5,
      "n": 775,
      "log_sfrd_obs": -1.4944000919417322,
      "log_sfrd_corr": -1.4944002993520884,