{
  "mag_color": {
    "rho": -0.3885101831835249,
    "p": 5.849205094147262e-15,
    "n": 375
  },
  "compactness_color_resid": {
    "rho": -0.006801683923085676,
    "p": 0.8955571035889269,
    "n": 375
  },
  "z8_mag_color": {
    "rho": -0.3885101831835249,
    "p": 5.849205094147262e-15,
    "n": 375
  }
}