{
  "step": "Step 138: Environmental Screening Steiger Z-Test",
  "tep_prediction": "Group Halo Screening suppresses Gamma_t in dense environments. rho(dust, Gamma_t) should be significantly lower in overdense regions than in the field, even after controlling for stellar mass.",
  "method": "Fisher Z-test for independent correlations comparing field vs overdense Spearman rho(dust, Gamma_t). Mass-matched quintile test controls for mass confounding. Partial correlation controls for both mass and environment.",
  "full_sample": {
    "label": "Full sample (z=4-10)",
    "n_total": 2315,
    "n_field": 1158,
    "n_dense": 1157,
    "median_density": 194263.36420535285,
    "rho_field": -0.005844910180337145,
    "p_field": 0.8425086337854639,
    "rho_dense": -0.19786313689674442,
    "p_dense": 1.119627116985508e-11,
    "delta_rho": 0.19201822671640728,
    "delta_rho_ci_low": 0.10917577215954109,
    "delta_rho_ci_high": 0.2778625614127539,
    "Z_fisher_independent": 4.676970115739042,
    "p_fisher_independent": 2.9114466699731167e-06,
    "rho_gamma_t_density": -0.08430178554615454,
    "partial_rho_dust_gamma_t_given_mass_env": -0.25547587983493625,
    "partial_p": 8.118817674655045e-36,
    "mass_matched_quintile_deltas": [
      0.43098939934431274,
      0.14477003073600678,
      0.28710003488929253,
      0.31567148881384244,
      0.12998973534869204
    ],
    "mean_mass_matched_delta_rho": 0.26170413782642926,
    "n_quintiles_positive": 5,
    "n_quintiles_tested": 5,
    "tep_prediction": "rho_field > rho_dense (screening suppresses in dense regions)",
    "tep_confirmed": true,
    "interpretation": "SUPPORTS TEP"
  },
  "z_gt_8": {
    "label": "z > 8",
    "n_total": 283,
    "n_field": 142,
    "n_dense": 141,
    "median_density": 322029.32673890673,
    "rho_field": 0.574468085106383,
    "p_field": 7.717027891143992e-14,
    "rho_dense": 0.5710133139261098,
    "p_dense": 1.432845475943176e-13,
    "delta_rho": 0.003454771180273264,
    "delta_rho_ci_low": -0.19029983832064143,
    "delta_rho_ci_high": 0.18903139663605856,
    "Z_fisher_independent": 0.04278382351942898,
    "p_fisher_independent": 0.9658738591432141,
    "rho_gamma_t_density": -0.051499656583372445,
    "partial_rho_dust_gamma_t_given_mass_env": 0.2635173947742807,
    "partial_p": 7.019547388966766e-06,
    "mass_matched_quintile_deltas": [
      0.17240010628757413,
      -0.28551107498475925,
      -0.06145031584408672,
      -0.32120752810407976,
      -0.3786028398125172
    ],
    "mean_mass_matched_delta_rho": -0.17487433049157378,
    "n_quintiles_positive": 1,
    "n_quintiles_tested": 5,
    "tep_prediction": "rho_field > rho_dense (screening suppresses in dense regions)",
    "tep_confirmed": false,
    "interpretation": "MARGINAL"
  },
  "z_6_8": {
    "label": "z = 6-8",
    "n_total": 593,
    "n_field": 297,
    "n_dense": 296,
    "median_density": 233918.1607501131,
    "rho_field": -0.050898977073473725,
    "p_field": 0.3820938681696654,
    "rho_dense": -0.18264504874674364,
    "p_dense": 0.0016014969634618088,
    "delta_rho": 0.1317460716732699,
    "delta_rho_ci_low": -0.035610630932420236,
    "delta_rho_ci_high": 0.2931920054314149,
    "Z_fisher_independent": 1.6205494092757053,
    "p_fisher_independent": 0.10511430963233459,
    "rho_gamma_t_density": -0.07253783455450312,
    "partial_rho_dust_gamma_t_given_mass_env": -0.17726102041765013,
    "partial_p": 1.412493029264098e-05,
    "mass_matched_quintile_deltas": [
      0.22231079514424512,
      0.13463872170209673,
      -0.030173992673992706,
      0.07765675185030024,
      0.22975258494126413
    ],
    "mean_mass_matched_delta_rho": 0.1268369721927827,
    "n_quintiles_positive": 4,
    "n_quintiles_tested": 5,
    "tep_prediction": "rho_field > rho_dense (screening suppresses in dense regions)",
    "tep_confirmed": false,
    "interpretation": "MARGINAL"
  },
  "z_4_6": {
    "label": "z = 4-6 (control)",
    "n_total": 1439,
    "n_field": 720,
    "n_dense": 719,
    "median_density": 165915.37194014413,
    "rho_field": 0.019630117599249482,
    "p_field": 0.598980754975504,
    "rho_dense": -0.06853946404980611,
    "p_dense": 0.06624062141905089,
    "delta_rho": 0.0881695816490556,
    "delta_rho_ci_low": -0.019067079798934055,
    "delta_rho_ci_high": 0.19552347288419658,
    "Z_fisher_independent": 1.6709136264005167,
    "p_fisher_independent": 0.09473873961665169,
    "rho_gamma_t_density": 0.05973016770373043,
    "partial_rho_dust_gamma_t_given_mass_env": -0.11898119504423951,
    "partial_p": 6.022069110302929e-06,
    "mass_matched_quintile_deltas": [
      0.13280540838073088,
      0.22319621649920018,
      0.010943814655501788,
      0.09027623697424708,
      0.045401915245745134
    ],
    "mean_mass_matched_delta_rho": 0.10052471835108501,
    "n_quintiles_positive": 5,
    "n_quintiles_tested": 5,
    "tep_prediction": "rho_field > rho_dense (screening suppresses in dense regions)",
    "tep_confirmed": false,
    "interpretation": "MARGINAL"
  },
  "summary": {
    "n_tests": 4,
    "n_tep_confirmed": 1,
    "fraction_confirmed": 0.25,
    "primary_result": {
      "label": "z > 8",
      "n_total": 283,
      "n_field": 142,
      "n_dense": 141,
      "median_density": 322029.32673890673,
      "rho_field": 0.574468085106383,
      "p_field": 7.717027891143992e-14,
      "rho_dense": 0.5710133139261098,
      "p_dense": 1.432845475943176e-13,
      "delta_rho": 0.003454771180273264,
      "delta_rho_ci_low": -0.19029983832064143,
      "delta_rho_ci_high": 0.18903139663605856,
      "Z_fisher_independent": 0.04278382351942898,
      "p_fisher_independent": 0.9658738591432141,
      "rho_gamma_t_density": -0.051499656583372445,
      "partial_rho_dust_gamma_t_given_mass_env": 0.2635173947742807,
      "partial_p": 7.019547388966766e-06,
      "mass_matched_quintile_deltas": [
        0.17240010628757413,
        -0.28551107498475925,
        -0.06145031584408672,
        -0.32120752810407976,
        -0.3786028398125172
      ],
      "mean_mass_matched_delta_rho": -0.17487433049157378,
      "n_quintiles_positive": 1,
      "n_quintiles_tested": 5,
      "tep_prediction": "rho_field > rho_dense (screening suppresses in dense regions)",
      "tep_confirmed": false,
      "interpretation": "MARGINAL"
    },
    "conclusion": "1/4 redshift bins show the predicted environmental screening pattern (rho_field > rho_dense). Primary test (z > 8): delta_rho = 0.003, Z = 0.04, p = 0.9659."
  }
}