{
  "bootstrap_correlations": {
    "z8_dust": {
      "rho": 0.6029791257884878,
      "p_value": 2.0887757926899666e-29,
      "ci_lower": 0.5105814283963321,
      "ci_upper": 0.6853815808237687,
      "se": 0.044706138307701364,
      "bias": -0.0009833844504797407,
      "n": 283,
      "n_bootstrap": 10000
    },
    "mass_age": {
      "rho": 0.1349627356030388,
      "p_value": 7.03069536864129e-11,
      "ci_lower": 0.0939446439288065,
      "ci_upper": 0.17676521516059399,
      "se": 0.021056091717655524,
      "bias": 0.00024669651239236923,
      "n": 2315,
      "n_bootstrap": 10000
    },
    "gamma_dust_full": {
      "rho": -0.1986266500805318,
      "p_value": 5.0157487612587075e-22,
      "ci_lower": -0.24163063753851985,
      "ci_upper": -0.1561834622142812,
      "se": 0.02163570324240951,
      "bias": -1.816087141726097e-05,
      "n": 2315,
      "n_bootstrap": 10000
    }
  },
  "permutation_tests": {
    "z8_dust": {
      "rho": 0.6029791257884878,
      "p_permutation": 9.999000099990002e-05,
      "null_mean": -0.000665510429693415,
      "null_std": 0.059601427785188885,
      "z_score": 10.128023080148234
    }
  },
  "effective_sample_size": {
    "n_nominal": 283,
    "n_eff": 183.2467980629964,
    "deff": 1.544365320384537,
    "autocorr": 0.019303734765409114
  },
  "summary": {
    "all_cis_exclude_zero": true,
    "permutation_significant": true
  }
}