{
  "step": 176,
  "name": "nested_bayesian_evidence",
  "timestamp": "2026-04-29T10:43:18.787218",
  "description": "Fully nested Bayesian evidence computation for TEP vs explicit astrophysical alternatives, using both multi-observable joint tests (primary) and single-observable supplementary tests.",
  "sampler_config": {
    "nlive": 200,
    "dlogz": 0.5,
    "seed_base": 176,
    "sampling": "rwalk",
    "bounding": "multi"
  },
  "sample_size": 504,
  "observables": [
    "dust",
    "log_ssfr",
    "chi2",
    "met"
  ],
  "n_observables": 4,
  "z_range": [
    7.002410816821598,
    9.985523401104327
  ],
  "mass_range": [
    8.00060190406349,
    11.136567502108385
  ],
  "preprocessing": {
    "observables_standardized_for_evidence": true,
    "observable_means_raw": {
      "dust": 0.7644616707162569,
      "log_ssfr": -8.125363067581045,
      "chi2": 20.380666556326666,
      "met": -0.8230535648451801
    },
    "observable_stds_raw": {
      "dust": 0.6052695032162856,
      "log_ssfr": 0.21239166348416363,
      "chi2": 47.34704327546426,
      "met": 0.33448966756755005
    },
    "mass_z_residual_comparison_included": true,
    "note": "Observables were z-scored before nested sampling so the shared Gaussian-noise priors are valid across domains with very different scales."
  },
  "joint_model_evidence": {
    "TEP": {
      "label": "TEP Joint (12 params)",
      "n_params": 12,
      "logZ": -2815.9044520825473,
      "logZ_err": 0.6682096307086779,
      "n_samples": 9682,
      "posterior_means": [
        1.18952197086637,
        4.8463349820273285,
        -0.10769586295858656,
        -1.0268300212897838,
        -4.182648532997509,
        -0.04000510102865075,
        0.7914157695986397,
        3.2234378344194083,
        -0.022369203248220865,
        0.14907682818977494,
        0.613836950130896,
        0.005108451154181218
      ],
      "posterior_stds": [
        0.05426149267800504,
        0.1472879757921325,
        0.032414764733059515,
        0.13217595413526456,
        0.5030569224273533,
        0.031310249720519406,
        0.15825725724292605,
        0.6224991592643908,
        0.02900040983206246,
        0.1724951363419989,
        0.6782905070959907,
        0.030933351768143474
      ],
      "niter": 9482,
      "ncall": 1,
      "eff": 3.3549442286435034,
      "seed": 1845
    },
    "Standard_Physics": {
      "label": "Standard Physics Joint (16 params)",
      "n_params": 16,
      "logZ": -2749.5205310394426,
      "logZ_err": 0.8266990322699721,
      "n_samples": 12137,
      "posterior_means": [
        -9.46249566438621,
        1.2261370768924986,
        -0.10873541941800031,
        -0.20857203676740146,
        7.170632318776781,
        -0.711625304559137,
        -0.13992630262019284,
        -0.07499049637128302,
        -4.562848058098538,
        0.6322326538527122,
        -0.09460770457533477,
        -0.03919184620190238,
        -1.553000160122902,
        0.027781181504885052,
        0.1595684459785958,
        -0.0037249074506212213
      ],
      "posterior_stds": [
        0.38964803882477783,
        0.056051502476682676,
        0.043949682246386665,
        0.03100332227371174,
        0.7310083636479486,
        0.08624090840637541,
        0.050221059167714716,
        0.03143415231459173,
        0.7939068023640078,
        0.09151036551187003,
        0.05326084072436237,
        0.029896865851329866,
        0.8173623463312018,
        0.0974448820421947,
        0.05491186868064943,
        0.030663964086580352
      ],
      "niter": 11937,
      "ncall": 1,
      "eff": 2.9477984412152596,
      "seed": 3204
    },
    "Bursty_SF": {
      "label": "Bursty SF Joint (21 params)",
      "n_params": 21,
      "logZ": -2743.4234235691515,
      "logZ_err": 0.7463293705403914,
      "n_samples": 13556,
      "posterior_means": [
        4.5706532074259805,
        -6.702794220971102,
        0.7909413507756293,
        -0.09757052938245672,
        1.628080866435827,
        -0.21697225277521992,
        3.792367897120297,
        -0.20838740773455383,
        -0.14361442724012186,
        -1.6555337367794936,
        -0.080367680297165,
        -2.46726418858999,
        0.31494671490668574,
        -0.0877332414410525,
        1.0475280204366457,
        -0.03937446999709258,
        -0.8870066048861381,
        -0.06983076422243178,
        0.15956442007988494,
        0.32241590102087325,
        -0.0026584768120010227
      ],
      "posterior_stds": [
        0.3984481131395461,
        0.9589573462161114,
        0.12304466448720064,
        0.043742429384634254,
        0.3084067804998431,
        0.031451185845393734,
        1.0353785918720433,
        0.13191763714946458,
        0.05156935872639262,
        0.32145987611734067,
        0.027901898319612865,
        1.6931220356897037,
        0.2355071556483642,
        0.052040544940666116,
        0.6963594162790858,
        0.029337862545598697,
        2.1081166304503194,
        0.2989123931513204,
        0.05410376550890664,
        0.9223617525905197,
        0.031021621887611907
      ],
      "niter": 13356,
      "ncall": 1,
      "eff": 2.5797120755111944,
      "seed": 2446
    },
    "Varying_IMF": {
      "label": "Varying IMF Joint (20 params)",
      "n_params": 20,
      "logZ": -2741.805332131973,
      "logZ_err": 0.8112426014346669,
      "n_samples": 13606,
      "posterior_means": [
        2.3594083608378438,
        -1.4791518093557914,
        0.15340992575882073,
        -0.10281843624164853,
        -0.2228771112220107,
        -3.1775766960827503,
        1.6043362680627227,
        -0.12973403239494632,
        -0.13100754633570924,
        -0.08618434251043826,
        2.2553226115286753,
        -0.887623765064119,
        0.08456615279429211,
        -0.09789168083654008,
        -0.04292778131251457,
        -0.4525950298409588,
        -0.2182429722217974,
        0.013965696875851854,
        0.1568442288056696,
        -0.0035085235430119604
      ],
      "posterior_stds": [
        2.203765623614457,
        0.4830570024032989,
        0.026927258196697737,
        0.042428030614619736,
        0.029731815302180904,
        1.6405610028969706,
        0.35046366887901126,
        0.019991609869956458,
        0.05154447584522395,
        0.030078907751665152,
        3.8962058922261362,
        0.8549704421233961,
        0.047323214326969315,
        0.0531599563662295,
        0.030391763062763786,
        4.615345830271443,
        1.0323580915341806,
        0.057637662858047195,
        0.05527365930669672,
        0.030375674191147485
      ],
      "niter": 13406,
      "ncall": 1,
      "eff": 2.649396067771263,
      "seed": 2599
    },
    "AGN_Feedback": {
      "label": "AGN Feedback Joint (14 params)",
      "n_params": 14,
      "logZ": -2710.135121905676,
      "logZ_err": 0.7660764956597638,
      "n_samples": 10286,
      "posterior_means": [
        9.7177250021545,
        2.903768520015154,
        -0.2636464230754175,
        4.196203149719671,
        -0.2378317634746286,
        0.18869060889451159,
        -3.044736335356165,
        -0.1083033676385748,
        -0.12679760199671836,
        2.073974768187318,
        -0.04525027867893313,
        -0.012246502633671047,
        0.1601145868963499,
        0.0023587126710021646
      ],
      "posterior_stds": [
        0.07749009738720196,
        0.3915121488909851,
        0.059690457708024676,
        0.34647323978396777,
        0.03155597249851717,
        0.05420361276496731,
        0.35359225922788795,
        0.0323165094006715,
        0.052557920971414124,
        0.3314478577300958,
        0.03146872550832599,
        0.0493779384671977,
        0.3049020830277523,
        0.032100352874212354
      ],
      "niter": 10086,
      "ncall": 1,
      "eff": 3.156977208134603,
      "seed": 2633
    }
  },