{
  "n_total": 2315,
  "literature": {
    "uv_slope": {
      "rho": 0.4712708247076625,
      "p": 4.718450634589153e-17
    },
    "sfe": {
      "rho": -0.6675009080117877,
      "p": 7.289599321387289e-38
    },
    "ml_ratio": {
      "rho": 0.3717723225300226,
      "p": 1.0505161483100361e-10
    },
    "smf_shape": {
      "rho_mass_gamma": 0.89654326256268,
      "p": 7.443700152162815e-38
    },
    "formation_epoch": {
      "rho": 0.5493794282120056,
      "p": 1.026747751031562e-23
    },
    "impossible_triangle": {
      "n": 17,
      "mean_gamma_impossible": 0.7228606292216041,
      "mean_gamma_all": 0.5882883946478915,
      "ratio": 1.2287521491126103
    }
  }
}