{
  "uncover": {
    "n": 283,
    "rho": 0.5928581034360436,
    "p": 2.9965940211265795e-28,
    "match": true
  },
  "ceers": {
    "n": 82,
    "rho": 0.6599296916663946,
    "p": 1.546171143428648e-11,
    "match": true
  },
  "cosmosweb": {
    "n": 918,
    "rho": 0.6287929331621774,
    "p": 3.4709864032498897e-102,
    "match": true
  },
  "summary": {
    "total_n": 1283,
    "all_validated": true
  }
}